"Drug","04-02-2020","04-03-2020","04-04-2020","04-05-2020","04-06-2020","04-07-2020","04-08-2020","04-09-2020","04-10-2020","04-11-2020","04-12-2020","04-13-2020","04-14-2020","04-15-2020","04-16-2020","04-17-2020","04-18-2020","04-19-2020","04-20-2020","04-21-2020","04-22-2020"
"1,2,4-triazole",0,0,0,0,0,0,0,0,0,0,0,0,0,0,0,0,0,0,0,1,0
"2-deoxyglucose",0,0,0,0,0,0,0,3,0,0,0,0,0,0,0,0,0,0,1,0,0
"abacavir",0,0,0,0,1,0,0,1,0,0,0,0,0,0,0,0,0,0,2,0,0
"abiraterone",0,0,0,0,0,0,0,1,0,0,0,0,0,0,0,0,0,0,0,0,0
"acalabrutinib",0,0,0,0,0,0,0,0,0,0,0,1,11,13,14,6,8,0,4,1,0
"aceclofenac",0,0,0,0,0,0,0,0,0,0,0,0,0,1,0,0,0,0,0,0,0
"acenocoumarol",0,0,0,0,0,0,0,0,0,0,0,0,0,0,1,0,0,0,0,0,0
"acetaminophen",50,5,7,6,3,8,13,11,9,12,2,7,9,10,12,10,6,10,8,9,6
"acetazolamide",2,0,1,3,2,3,14,33,26,48,7,8,10,7,105,66,37,33,28,26,19
"acetylcholine",0,0,0,0,0,1,3,3,0,1,0,2,2,1,0,1,2,1,1,0,18
"acetylcysteine",0,0,0,0,0,1,0,1,1,0,0,3,2,0,0,1,0,0,0,0,0
"actemra",0,0,2,2,1,2,22,37,27,57,22,19,136,108,44,51,21,28,86,30,45
"actinium",0,0,0,0,0,0,0,0,0,0,0,0,0,0,0,0,0,0,0,0,1
"activated charcoal",0,0,0,0,0,0,1,0,0,1,0,1,0,0,1,1,0,1,0,0,0
"acyclovir",2,1,1,1,0,3,3,0,1,3,1,0,0,1,1,0,0,10,2,0,0
"adenine",0,0,0,0,0,0,0,1,1,1,0,1,0,1,0,0,1,1,0,0,0
"adenosine",2,0,0,0,0,0,16,0,0,2,5,2,1,2,4,9,1,5,1,0,1
"afatinib",0,0,0,0,0,0,0,1,0,0,0,0,0,0,0,0,0,0,0,0,0
"alanine",2,0,0,0,0,0,1,0,2,3,2,2,1,0,0,0,1,0,0,0,1
"albendazole",0,0,3,2,0,0,2,0,0,0,0,1,5,0,1,0,0,0,0,1,0
"aldosterone",2,0,1,3,2,1,1,1,1,0,1,11,1,4,5,3,1,2,1,4,0
"alfentanil",0,0,0,0,0,0,0,0,8,1,1,0,0,0,1,0,0,0,0,0,0
"aliskiren",0,0,0,0,0,0,1,0,0,0,0,3,1,0,0,1,1,0,0,0,0
"alisporivir",0,0,0,0,0,0,0,0,0,0,0,0,0,0,0,0,0,0,0,1,0
"allicin",0,1,1,0,0,0,0,0,1,0,0,1,0,0,0,0,1,0,0,1,2
"alpelisib",0,0,0,0,0,0,2,1,0,0,0,0,0,0,0,0,0,0,0,0,0
"alpha-arbutin",0,0,0,0,0,0,0,0,0,0,0,1,0,0,0,0,0,0,0,0,0
"alpha-pinene",2,0,0,0,0,0,0,0,0,0,0,0,0,0,0,0,0,0,0,0,0
"alprazolam",0,0,0,0,0,0,1,1,1,1,0,0,1,1,0,1,0,0,1,2,1
"alprostadil",0,0,0,0,0,0,15,11,4,18,1,0,1,0,0,0,0,0,0,0,0
"aluminium",2,1,0,0,0,0,0,0,0,0,0,0,0,0,0,0,0,0,0,0,0
"aluminum hydroxide",0,0,0,0,0,0,0,1,0,0,0,0,0,0,0,0,0,0,0,0,0
"am-580",0,0,0,0,0,0,3,1,0,0,0,0,0,0,1,2,0,0,0,5,1
"amantadine",0,0,0,0,0,1,1,2,1,1,0,1,4,0,0,0,0,1,0,1,0
"ambroxol",0,0,0,0,0,0,1,1,1,41,51,59,22,14,6,1,0,1,1,0,1
"amiloride",0,0,0,0,0,0,0,0,0,0,3,1,0,0,0,0,0,0,0,0,0
"aminophylline",0,0,0,0,0,0,0,0,0,0,0,0,0,0,1,0,0,0,0,6,0
"aminorex",0,0,0,0,0,0,0,0,0,0,0,0,0,0,1,0,0,0,0,0,0
"amiodarone",0,0,0,0,0,0,2,0,0,1,1,0,1,0,3,24,5,3,3,2,0
"amitriptyline",0,0,0,0,0,0,0,0,0,1,0,1,0,0,0,0,0,0,2,1,0
"amlodipine",0,0,0,0,0,0,0,1,13,2,0,0,5,52,42,7,8,9,0,1,3
"ammonium chloride",0,2,0,0,0,0,0,0,0,0,0,0,0,0,0,0,0,0,0,0,0
"amodiaquine",0,0,0,0,0,0,3,0,0,0,0,0,0,2,0,0,0,0,0,0,0
"amoxicillin",0,0,5,5,2,1,2,0,3,26,51,64,25,12,0,4,6,4,4,5,7
"amphetamine",2,0,0,0,0,0,0,1,0,2,0,3,0,1,0,1,1,0,3,1,0
"amphotericin b",0,0,0,0,0,0,2,0,0,0,0,0,0,0,0,0,0,0,0,0,0
"anandamide",0,0,0,0,0,0,1,1,0,0,0,0,1,0,1,0,0,0,0,0,0
"anastrozole",0,0,0,0,0,0,0,0,0,0,0,0,0,0,0,0,1,0,0,0,1
"andrographolide",0,0,0,0,0,0,0,0,2,0,0,0,0,0,0,0,0,0,1,0,0
"angiotensin 1-7",0,0,0,0,0,0,4,1,1,0,0,0,12,4,3,0,0,0,0,0,0
"angiotensin ii",0,1,0,1,1,4,34,8,6,4,2,8,20,24,12,4,5,19,15,16,22
"anidulafungin",0,0,0,0,0,0,0,0,0,1,0,0,0,0,0,0,0,0,0,0,0
"aniline",0,0,0,0,0,0,1,0,0,0,0,0,0,0,0,0,0,0,0,0,1
"antimony",0,0,0,0,0,0,0,1,0,0,0,0,1,0,0,1,1,0,1,2,1
"antipyrine",0,0,0,0,0,0,0,0,0,0,0,0,0,1,0,0,0,0,0,0,0
"antrafenine",0,0,0,0,0,0,0,0,0,0,0,1,0,0,0,1,0,0,0,0,0
"apabetalone",0,0,0,0,0,0,2,4,5,0,0,0,1,0,0,0,0,0,0,0,0
"apalutamide",0,0,0,0,0,0,0,1,0,0,0,0,0,0,0,0,0,0,0,0,0
"apigenin",0,0,0,0,0,0,0,0,0,1,0,0,0,0,0,0,1,0,0,0,0
"apilimod",0,0,0,0,0,0,0,0,0,0,0,0,0,0,0,1,2,14,11,2,2
"apixaban",0,0,0,0,0,0,2,2,2,1,0,0,0,0,1,1,2,1,0,0,0
"apn01",0,0,1,0,0,0,10,2,11,5,8,0,3,4,6,6,0,1,5,1,9
"apomorphine",0,0,0,0,0,0,0,0,0,0,0,0,0,0,0,0,0,0,0,0,3
"apremilast",0,0,0,0,0,0,0,0,0,0,0,1,0,0,0,0,0,0,0,0,0
"ar-42",0,0,0,0,0,0,0,0,0,0,0,0,0,0,0,0,0,1,0,0,0
"arbutin",0,0,0,0,0,0,0,0,0,0,0,1,0,0,0,0,0,0,0,0,0
"argatroban",0,0,0,0,0,0,18,0,0,1,3,3,1,3,1,1,0,0,1,0,0
"arginine",0,0,0,5,0,0,1,1,3,2,3,3,1,1,0,0,0,0,0,1,4
"aripiprazole",0,0,0,0,0,0,0,0,0,0,0,0,0,0,0,0,0,0,0,1,0
"artemether",0,0,0,0,0,0,0,0,0,0,0,0,0,1,0,0,0,1,0,0,0
"artemisinin",0,0,0,0,1,0,19,8,7,12,2,16,2,1,4,14,4,0,3,6,1
"artenimol",0,0,0,0,0,0,0,0,1,0,0,0,0,0,0,1,0,0,0,0,0
"artesunate",40,10,1,0,0,0,0,0,0,1,0,0,0,0,1,1,2,0,4,0,0
"ascorbic",0,1,0,0,0,0,0,0,0,0,0,0,0,0,0,0,0,0,0,0,0
"ascorbic acid",0,1,1,0,0,0,0,0,0,0,0,0,0,0,0,0,0,0,0,0,0
"ascorbic-acid",0,0,1,0,0,0,0,0,0,0,0,0,0,0,0,0,0,0,0,0,0
"asiatic",8,0,0,0,0,0,0,0,0,0,0,0,0,0,0,0,0,0,0,0,0
"asparagine",0,0,0,0,0,0,0,0,0,0,2,0,0,0,0,0,0,0,0,0,0
"aspartame",0,0,0,0,0,1,1,0,0,1,2,6,0,2,0,0,0,0,0,2,3
"astaxanthin",2,2,4,4,1,0,0,0,2,0,1,0,2,0,1,1,0,0,0,0,1
"atazanavir",0,0,0,0,0,1,25,11,5,1,0,2,4,0,0,0,0,1,1,0,0
"atb-346",0,0,0,0,0,0,0,2,0,0,0,0,0,0,0,0,0,0,0,0,0
"atenolol",0,0,0,0,0,0,1,0,0,0,0,0,0,0,0,0,0,0,0,0,0
"atomoxetine",0,0,0,0,0,0,0,0,0,0,0,0,0,0,0,0,0,0,0,0,0
"atorvastatin",0,0,0,0,0,0,0,0,1,0,1,0,0,0,0,0,1,0,0,0,0
"atovaquone",0,0,0,0,0,0,0,0,1,0,0,0,0,1,0,0,0,0,0,0,6
"atracurium",0,0,0,0,0,0,0,9,13,7,0,0,0,0,0,22,10,0,4,0,0
"atropine",0,0,0,0,0,1,25,2,0,0,3,0,0,0,1,1,2,0,0,0,1
"auranofin",0,0,0,0,0,0,0,0,0,0,0,0,0,28,30,28,12,6,2,2,5
"avacopan",0,0,0,0,0,0,0,0,0,1,0,0,1,0,0,0,0,0,0,0,0
"aviptadil",0,0,0,0,0,0,3,7,0,0,0,1,0,0,1,0,0,0,0,1,0
"axitinib",0,0,0,0,0,0,0,0,0,0,0,0,0,0,0,0,0,0,0,0,1
"azathioprine",0,0,0,0,1,1,2,0,1,0,2,268,46,7,1,1,9,3,0,0,0
"azauridine",0,0,0,0,0,0,1,0,0,0,1,0,0,0,0,0,0,0,0,0,0
"azithromycin",129,600,287,117,69,320,1543,1595,1088,1138,1422,1890,1139,853,1321,14017,3597,1014,614,6799,6213
"bacitracin",0,0,0,0,0,0,0,0,0,2,0,0,0,0,0,0,0,0,0,0,0
"baclofen",0,0,0,0,0,0,0,0,0,0,0,0,0,1,0,1,0,0,1,0,0
"bafilomycin a1",0,0,0,0,0,0,1,1,5,7,3,1,0,1,0,2,2,0,0,1,0
"baricitinib",0,0,0,1,1,0,2,0,11,6,3,17,33,30,13,23,17,11,9,2,2
"beclometasone",0,0,0,0,0,0,0,0,0,0,0,0,0,0,0,0,0,0,0,0,1
"bedaquiline",0,0,0,0,0,0,0,0,0,1,0,0,0,0,0,0,0,0,8,5,4
"benazepril",0,0,0,0,0,0,0,0,1,0,0,0,0,0,0,0,0,0,0,0,0
"benidipine",0,0,0,0,0,0,0,0,0,0,0,0,0,40,38,1,3,6,0,1,3
"benznidazole",0,0,0,0,0,0,0,0,0,0,0,0,1,0,0,0,0,0,0,0,0
"benzocaine",0,0,0,0,0,0,0,1,0,0,0,0,0,0,0,0,0,0,0,0,0
"benzodiazepine",0,0,1,0,0,1,1,1,1,0,1,0,0,0,0,45,18,9,0,0,1
"benzoin",2,0,0,0,0,0,0,0,0,1,0,0,0,0,0,0,0,0,0,0,0
"benzonatate",0,0,0,0,0,0,0,1,0,0,0,0,10,1,0,0,2,0,0,0,1
"benzoyl peroxide",0,1,1,0,0,0,0,0,0,1,0,0,0,0,0,0,0,0,0,0,0
"benzyl benzoate",0,0,0,0,0,0,0,0,0,2,0,0,0,0,0,0,0,0,0,0,0
"benzylpenicillin",0,0,0,0,0,0,0,0,0,0,0,0,0,0,0,0,0,0,0,0,10
"berberine",0,2,3,3,1,0,2,0,1,0,0,0,2,1,0,0,1,0,0,0,0
"beta carotene",0,0,0,0,0,0,0,0,1,0,1,0,1,2,1,0,2,1,0,0,1
"betamethasone",0,0,0,0,0,0,0,0,0,0,0,2,0,0,0,0,0,0,1,1,0
"bimatoprost",0,0,0,0,0,0,0,0,0,0,0,0,0,0,1,0,1,0,2,0,0
"binimetinib",2,0,0,0,0,0,0,0,0,0,0,0,0,0,0,0,0,0,0,0,0
"biotin",0,0,0,0,0,0,2,0,0,0,0,0,0,2,0,1,0,1,1,2,1
"bisacodyl",0,0,0,0,0,0,0,0,0,2,0,1,0,1,0,0,0,0,0,0,0
"bisoprolol",0,0,0,0,0,0,0,0,0,0,0,0,0,0,0,0,1,0,0,0,0
"bivalirudin",0,0,0,0,0,0,0,0,0,0,0,0,0,0,0,0,0,0,0,0,18
"bleomycin",0,0,0,0,0,0,2,0,1,0,0,0,1,2,0,0,0,0,0,0,0
"bntx",0,0,0,0,0,0,3,57,0,0,0,0,0,0,0,0,0,0,0,0,0
"boceprevir",0,0,0,0,0,0,0,0,0,0,0,0,0,0,0,0,0,0,0,0,3
"borneol",2,0,0,0,0,0,0,0,0,0,0,0,0,0,0,0,0,0,0,0,0
"boron",0,0,0,0,0,0,0,0,0,0,0,1,19,8,2,1,0,1,0,4,2
"bortezomib",0,0,1,0,0,0,0,0,0,0,0,0,0,0,0,0,0,0,0,0,0
"bosentan",0,0,0,0,0,0,0,0,0,0,0,1,0,0,0,0,0,0,0,0,0
"bradykinin",0,0,0,0,0,0,2,3,15,43,23,11,4,13,5,8,1,3,1,1,5
"brilacidin",0,1,0,0,0,0,0,0,0,0,0,0,0,0,0,0,0,0,0,0,0
"brimonidine",0,0,0,0,0,0,0,0,0,0,0,0,0,0,1,0,0,0,0,0,0
"bromhexine",0,0,0,0,0,0,0,0,0,1,0,0,0,0,4,0,0,1,0,0,2
"bucillamine",8,4,0,0,0,0,16,2,1,1,0,1,1,4,0,0,0,0,0,1,0
"budesonide",0,0,0,0,0,0,1,1,0,0,0,1,1,0,0,2,0,0,0,0,2
"bumetanide",0,0,0,0,0,0,0,0,0,0,0,0,0,1,0,0,0,0,0,0,0
"bupivacaine",2,0,0,0,0,0,1,0,0,0,0,0,1,0,0,0,0,0,0,0,0
"buprenorphine",0,2,0,0,0,3,5,2,7,8,1,2,9,3,12,6,2,9,4,8,12
"bupropion",0,0,0,0,0,0,0,0,0,0,0,0,0,0,1,0,0,0,0,0,0
"buspirone",0,0,0,0,0,0,0,0,1,0,0,0,0,0,0,0,0,0,0,1,0
"butylamine",0,0,0,0,0,0,0,1,0,0,0,0,0,0,0,0,0,0,0,0,0
"butylene glycol",0,0,0,0,0,0,0,0,0,0,0,0,0,0,0,0,0,0,0,1,0
"bv4",0,0,0,0,0,0,0,0,0,0,0,0,0,0,0,0,0,1,0,0,0
"cadmium",0,0,0,0,0,0,0,0,0,0,0,1,1,0,0,0,0,0,0,0,0
"cafedrine",0,1,2,0,0,0,0,2,0,0,0,0,1,0,0,0,1,0,1,0,0
"calcitriol",0,0,0,0,0,0,0,0,0,1,0,0,0,0,0,0,0,0,0,0,0
"calcium",10,3,0,0,0,0,0,0,0,0,0,0,0,0,0,0,0,0,0,0,0
"calcium chloride",0,0,0,0,0,0,1,0,1,0,0,0,0,0,0,0,0,0,0,0,0
"camostat",4,1,1,8,8,0,11,25,42,26,61,26,26,6,13,23,12,5,6,9,13
"camphor",0,4,3,5,2,0,1,59,79,39,11,6,1,1,1,0,6,2,3,4,7
"candesartan",0,0,0,0,0,0,0,0,0,0,0,1,0,0,0,0,0,0,0,0,0
"cannabidiol",0,0,0,0,0,3,178,33,7,3,2,7,11,6,3,10,3,4,11,20,17
"cannabigerol",2,1,0,0,0,0,0,0,0,0,0,0,0,0,0,0,0,0,0,0,0
"cannabinol",0,0,0,0,0,0,0,0,1,0,0,0,0,0,0,0,0,0,0,0,0
"cantharidin",0,0,0,0,0,0,1,0,0,0,0,0,0,0,0,0,0,0,0,0,0
"capecitabine",0,0,0,0,0,0,0,0,1,0,0,0,0,0,0,6,7,3,1,3,2
"capsaicin",2,0,0,0,0,1,1,7,59,93,19,26,10,1,1,2,4,1,7,0,4
"captopril",0,0,0,0,1,11,0,0,0,0,0,0,0,0,0,0,0,4,0,0,0
"carbocisteine",0,0,0,0,0,0,0,1,1,0,0,0,2,0,0,0,0,0,0,0,0
"carbon dioxide",0,0,4,0,0,0,0,0,0,0,0,0,0,0,0,0,0,0,0,0,0
"carbon-monoxide",6,0,0,0,0,0,0,0,0,0,0,0,0,0,0,0,0,0,0,0,0
"carboplatin",0,0,0,0,0,0,3,0,0,0,0,0,0,0,0,0,0,0,0,0,0
"carfentanil",2,0,0,0,0,0,0,0,0,0,0,0,0,0,0,0,0,0,0,0,0
"carfentanil,-c-11",2,0,0,0,0,0,0,0,0,0,0,0,0,0,0,0,0,0,0,0,0
"carmofur",0,0,0,0,0,0,0,0,11,0,0,1,0,0,0,0,0,0,0,0,0
"carnosine",0,0,0,0,0,0,0,0,0,0,0,1,0,1,1,0,0,0,0,1,0
"carvedilol",2,0,0,0,0,0,0,0,0,0,1,1,0,0,0,0,0,0,0,0,0
"cathinone",0,0,0,0,0,0,0,0,1,0,0,0,0,0,0,0,0,0,0,0,0
"cefaclor",0,0,0,0,0,0,0,0,0,0,0,1,0,0,0,0,0,0,0,0,0
"cefazolin",0,0,0,0,0,0,0,0,0,0,0,1,0,0,0,0,0,0,0,0,0
"cefepime",0,0,0,0,0,0,0,0,0,0,0,0,0,0,1,0,0,0,0,0,0
"cefixime",0,0,0,0,0,0,0,0,0,0,0,0,1,0,0,0,0,0,0,0,0
"cefotaxime",0,0,0,0,0,2,1,0,0,0,0,0,0,0,0,0,0,0,0,0,0
"ceftriaxone",0,2,0,2,1,0,2,0,1,0,1,2,0,1,0,0,2,0,0,28,4
"cefuroxime",0,0,0,0,0,0,1,0,0,0,0,0,0,0,0,0,0,0,0,0,0
"cepharanthine",0,0,0,0,0,0,0,0,1,0,0,0,0,0,12,6,24,4,3,0,9
"cesium",0,0,0,0,0,0,1,1,0,0,0,1,1,0,2,3,2,0,1,4,6
"cetirizine",0,0,0,0,0,0,2,1,5,3,0,1,2,1,0,0,1,2,0,0,0
"cetylpyridinium",0,0,0,0,0,0,1,0,0,0,0,0,3,0,0,0,0,0,1,0,0
"chloramphenicol",4,2,0,0,0,0,0,0,1,0,0,0,0,0,0,0,0,0,0,0,0
"chlorhexidine",6,3,1,0,1,1,2,6,1,2,0,1,0,1,0,7,3,1,1,4,2
"chlorine dioxide",0,0,0,0,1,0,55,50,12,7,6,6,2,7,11,2736,2239,184,118,873,75
"chloroprocaine",0,0,0,0,0,0,0,1,0,0,0,0,0,0,0,0,0,0,0,0,0
"chloroquine",867,238,325,834,751,95,4352,393,762,1242,1688,4133,3645,4704,3889,2332,1282,972,1030,1622,2247
"chlorothiazide",0,0,0,0,0,0,0,2,1,0,0,0,0,0,0,0,0,0,0,0,0
"chloroxylenol",0,0,0,0,0,0,0,0,0,0,2,0,0,1,0,1,1,0,0,0,0
"chlorphenamine",0,0,0,0,0,0,1,0,0,0,0,0,0,0,0,0,1,0,0,0,0
"chlorpheniramine",0,0,0,0,0,1,0,0,0,0,2,1,0,0,0,0,0,0,0,1,6
"chlorpromazine",0,0,0,0,1,0,1,2,0,0,0,0,0,0,0,1,1,0,0,0,2
"cholecalciferol",0,0,0,0,0,0,0,0,0,1,0,0,1,1,0,0,0,0,0,0,0
"choline",0,0,0,0,0,0,0,2,0,2,0,0,0,2,3,2,0,0,0,1,0
"chromium",0,0,0,0,0,0,0,0,4,2,0,3,9,1,0,2,0,1,3,2,0
"ciclesonide",8,1,0,1,1,5,5,6,1,11,6,0,2,19,20,7,11,2,5,1,7
"cimetidine",0,0,0,0,0,0,0,0,0,0,0,1,0,0,0,0,0,0,1,0,0
"cinanserin",0,0,0,0,0,0,1,0,0,0,0,0,0,0,0,0,0,0,0,0,0
"ciprofloxacin",0,0,4,4,0,0,5,6,1,0,0,0,1,0,0,0,1,2,1,0,0
"cisatracurium",0,0,0,0,0,0,0,0,2,0,1,0,0,0,0,22,9,0,5,0,0
"cisplatin",0,0,0,0,0,0,0,0,2,0,1,0,0,0,0,0,0,0,0,0,0
"citalopram",0,0,0,0,0,0,0,0,23,9,4,0,5,1,0,0,1,0,0,0,0
"citicoline",0,0,0,0,0,0,0,0,3,0,0,0,0,0,0,0,0,0,0,0,0
"citrulline",0,0,0,0,0,0,1,0,2,1,1,0,0,0,0,0,0,0,0,0,0
"cladribine",0,0,0,0,0,0,0,0,0,0,0,0,0,0,7,3,0,0,0,0,0
"clarithromycin",0,0,1,1,1,0,0,1,3,3,3,0,0,2,0,1,1,3,0,0,0
"clavulanic",2,1,0,0,0,0,0,0,0,1,0,0,0,0,0,0,0,0,0,0,0
"clenbuterol",0,0,0,0,0,0,0,0,0,0,1,0,0,0,0,0,0,1,0,1,0
"clevudine",0,0,0,0,0,0,0,0,0,0,0,0,0,0,2,0,0,0,0,0,0
"clindamycin",0,0,0,0,0,0,2,1,28,27,1,0,0,0,0,0,1,1,0,0,1
"clioquinol",0,0,0,0,0,0,0,0,1,3,0,0,0,0,1,0,0,0,0,0,0
"clobazam",0,0,0,0,0,0,0,0,0,0,0,0,0,0,0,0,21,63,2,2,1
"clofazimine",0,0,0,0,0,0,2,2,0,0,0,0,0,0,0,0,1,0,3,0,0
"clonazepam",0,0,0,0,0,0,1,0,0,1,1,0,1,1,0,1,22,63,2,2,1
"clonidine",0,0,0,0,0,0,1,0,0,0,0,7,1,0,0,0,0,1,1,0,0
"clopidogrel",0,0,0,0,0,0,0,0,0,1,1,0,0,0,0,0,1,0,0,0,0
"clotrimazole",0,0,0,0,0,0,0,0,0,0,0,0,0,0,0,0,1,0,1,0,0
"clozapine",4,2,2,2,0,3,14,7,4,0,8,3,1,9,7,2,0,0,13,16,9
"cobalt",2,0,0,0,0,0,0,0,0,0,0,0,0,0,0,0,0,0,0,0,0
"cobicistat",0,0,0,0,0,0,5,2,2,0,0,1,0,0,0,0,0,0,0,0,0
"codeine",8,7,0,2,0,1,24,8,9,9,5,3,2,7,5,8,26,11,9,14,12
"colchicine",24,2,2,1,1,1,13,12,8,0,3,1,3,11,9,9,4,20,84,129,30
"colistin",0,0,0,0,0,0,0,0,0,0,0,0,2,0,0,0,0,0,0,0,0
"compound 2",0,0,0,0,0,1,0,0,0,0,0,0,0,0,0,1,0,0,0,0,0
"cortisone",4,4,0,0,0,0,0,0,0,0,0,0,0,0,0,0,0,0,0,0,0
"coumarin",0,0,0,0,0,0,0,0,0,0,0,0,0,0,0,0,1,4,1,0,0
"coumermycin a1",0,0,0,0,0,0,0,0,0,1,0,0,0,0,0,0,0,0,0,0,0
"cpad",0,0,0,0,0,0,0,2,0,0,0,0,0,0,0,0,1,0,0,0,0
"creatine",0,1,1,2,1,1,0,0,0,0,0,0,2,2,0,1,0,0,0,0,1
"creatinine",2,1,0,0,0,0,4,1,6,7,4,3,2,0,3,1,0,1,1,0,2
"crizotinib",0,0,0,0,0,0,0,0,1,0,0,0,0,0,0,0,0,0,0,0,0
"crocin",0,0,0,0,0,0,0,3,0,0,1,0,1,1,1,0,1,1,1,1,0
"cupric oxide",0,0,0,0,0,0,0,0,0,0,0,0,0,0,0,1,0,0,0,0,0
"curcumin",0,4,1,0,0,1,3,3,2,2,1,3,11,8,10,4,12,6,5,6,7
"cyclizine",0,0,0,0,0,0,0,0,0,0,1,0,0,0,0,0,0,0,0,0,0
"cycloheximide",0,0,0,0,0,0,0,0,0,0,0,0,0,0,0,0,0,0,0,0,1
"cyclophosphamide",0,0,0,0,0,0,0,0,0,0,4,8,0,3,0,0,0,0,0,0,1
"cyclosporine",0,1,1,2,2,1,6,2,3,0,1,16,8,1,5,2,3,2,8,8,4
"cyproheptadine",0,0,0,0,0,0,0,0,0,0,0,1,0,1,0,0,0,0,0,0,1
"cysteine",0,1,1,0,0,1,3,2,4,1,1,0,3,0,10,10,1,1,2,2,3
"cystine",0,0,0,0,0,1,0,0,0,0,0,0,0,0,0,0,0,0,0,0,0
"cytidine",0,0,0,0,0,0,0,0,0,0,0,0,0,1,0,0,0,0,0,0,0
"d-glucose",0,0,0,0,0,0,0,0,0,0,0,0,0,1,0,0,0,0,0,0,0
"dabigatran",0,0,0,0,0,0,0,0,0,0,0,0,0,0,0,0,1,0,0,0,0
"daclatasvir",0,0,0,0,0,0,0,0,0,0,1,0,0,0,0,0,0,0,0,0,0
"dactinomycin",0,0,0,0,0,0,0,0,0,0,0,1,0,0,0,0,0,0,0,0,0
"dadle",0,0,0,0,0,0,2,0,0,0,0,0,0,0,0,0,0,0,0,0,0
"danoprevir",0,0,2,2,0,0,0,0,0,0,0,0,0,0,0,0,0,0,0,0,0
"dantrolene",2,1,2,0,0,0,3,0,2,1,1,1,0,1,5,1,4,2,2,3,1
"dantron",0,0,0,0,0,0,0,1,0,1,0,0,0,0,0,0,0,1,0,0,0
"dapagliflozin",0,0,0,0,0,0,0,0,0,0,0,0,0,1,0,0,2,0,0,0,0
"dapsone",0,0,0,1,1,0,0,0,0,0,0,0,0,0,0,1,0,0,3,0,0
"daptomycin",0,0,0,0,0,0,0,0,0,0,0,1,0,0,0,0,0,0,0,0,0
"darolutamide",0,0,0,0,0,0,0,0,0,0,0,0,0,0,0,1,0,0,0,0,0
"darunavir",0,0,0,0,1,0,50,0,9,0,0,3,5,0,0,3,0,1,2,1,1
"datp",0,0,0,0,0,0,0,1,0,0,0,0,0,0,0,1,0,0,0,0,0
"daunorubicin",0,0,0,0,0,0,0,0,0,0,0,0,0,0,0,1,0,1,0,0,0
"deferoxamine",0,0,0,0,0,0,0,0,0,2,0,0,2,0,0,0,1,1,0,0,0
"desloratadine",0,0,0,0,0,0,0,0,1,0,0,0,0,0,0,0,0,0,0,0,0
"detomidine",0,0,1,1,0,0,3,0,0,0,1,1,0,0,0,1,0,1,0,0,0
"dexamethasone",0,0,1,4,13,12,11,9,3,3,5,6,2,7,9,9,6,0,63,23,7
"dexmedetomidine",0,0,0,0,0,0,0,0,0,3,0,0,5,0,1,1,0,0,0,0,0
"dextroamphetamine",0,0,0,0,0,0,0,0,0,0,0,0,0,0,0,0,0,2,1,0,0
"dextromethorphan",0,0,0,0,0,0,0,0,0,0,1,0,0,0,0,0,0,0,0,0,0
"diamorphine",2,1,0,0,0,0,0,0,0,0,0,0,0,0,0,0,0,0,4,0,0
"diazepam",0,0,0,0,0,0,1,0,1,2,3,4,1,4,0,0,7,0,0,0,4
"diclofenac",2,1,0,3,3,0,0,0,0,0,0,0,0,0,0,0,1,0,0,0,0
"dicloxacillin",0,0,0,0,1,0,0,0,0,0,0,0,0,0,0,0,0,0,0,0,0
"diethyl ether",0,0,0,0,0,0,2,0,1,0,0,0,0,0,0,0,0,0,0,0,0
"diethylcarbamazine",0,0,0,0,0,0,0,0,0,0,0,0,0,1,16,4,3,0,0,0,0
"diethylstilbestrol",0,0,0,0,0,0,0,0,0,0,0,0,0,0,0,0,0,1,0,0,0
"digitoxin",0,0,0,0,0,0,0,0,0,1,2,1,2,0,0,0,0,0,2,0,0
"digoxin",0,0,0,0,0,0,60,2,1,0,0,0,2,0,0,0,0,1,0,0,0
"diltiazem",0,0,0,0,0,0,1,0,0,0,0,0,0,0,0,0,0,0,0,1,0
"dimethyl fumarate",0,0,0,0,0,0,0,0,0,0,0,2,0,0,0,0,1,0,0,0,0
"dimethyltryptamine",0,0,0,0,0,0,0,0,0,0,1,0,0,0,0,0,0,1,0,0,0
"diosmin",0,0,0,0,0,0,0,0,0,0,0,0,0,0,0,0,2,1,0,0,0
"diphenhydramine",0,0,0,0,0,0,1,0,0,0,0,3,10,1,0,1,1,1,1,2,2
"dipyridamole",0,0,0,0,0,1,0,1,0,0,0,30,10,0,1,1,1,1,1,0,0
"disulfiram",4,0,0,0,0,0,0,0,1,0,0,0,4,0,0,1,0,0,7,0,0
"dobutamine",0,0,0,0,0,0,0,0,0,0,0,0,0,0,0,0,0,0,0,0,1
"docetaxel",0,0,0,0,0,0,0,0,1,0,0,0,0,0,0,0,0,0,0,0,0
"docusate",0,0,0,0,0,0,0,0,1,0,0,0,1,1,0,0,1,0,0,0,0
"dodecyl sulfate",0,0,0,0,0,0,0,0,0,0,0,0,0,0,0,0,0,1,0,0,0
"dolutegravir",2,0,0,0,0,0,0,0,0,0,0,0,0,0,0,0,0,0,0,0,0
"donepezil",0,0,0,0,0,0,0,1,0,0,0,0,0,0,0,0,0,0,0,0,0
"dopamine",10,1,1,0,0,4,5,12,11,5,5,3,6,8,71,16,2,7,5,27,47
"doxazosin",0,0,0,0,0,0,0,0,12,0,0,0,0,0,0,0,0,0,0,0,0
"doxorubicin",0,0,0,0,0,0,0,0,2,0,0,0,0,0,0,0,0,0,0,0,0
"doxycycline",12,16,17,11,11,1,30,0,25,0,24,22,39,62,27,28,15,13,5,16,11
"doxylamine",0,0,0,0,0,0,0,0,0,0,0,0,0,0,0,0,0,0,0,0,1
"duloxetine",0,0,0,0,0,0,0,0,0,0,0,0,0,0,0,0,1,0,0,0,0
"dutasteride",0,0,0,0,0,0,0,0,0,0,0,0,0,0,0,1,0,0,0,0,0
"ebpc",0,0,0,0,0,0,0,0,0,0,0,1,0,0,0,5,1,0,0,0,0
"ebselen",0,0,0,0,0,0,0,28,6,7,2,0,2,3,1,2,0,0,0,0,0
"ec-18",0,0,0,0,0,0,0,0,8,4,1,5,0,0,0,1,0,0,1,1,1
"edrophonium",0,0,0,0,0,0,0,0,0,0,0,0,0,0,0,0,0,0,1,0,0
"ehna",0,0,0,0,0,0,0,0,0,0,0,0,1,0,0,0,0,0,0,0,0
"elafibranor",0,0,0,0,0,0,0,0,0,0,0,0,1,0,0,0,0,0,0,0,0
"elbasvir",0,0,0,0,0,0,1,0,0,0,0,2,0,0,0,1,0,0,0,0,0
"elexacaftor",0,0,0,0,0,0,0,0,0,0,1,0,0,0,0,0,0,0,0,0,0
"elsulfavirine",0,0,0,0,0,0,2,2,1,0,0,0,0,0,0,0,0,0,0,0,0
"eltrombopag",0,0,0,0,0,0,0,0,0,0,0,0,0,0,0,0,0,0,0,1,0
"elvitegravir",0,0,0,0,0,0,0,0,0,0,0,1,0,0,0,0,0,0,0,0,0
"emetine",0,0,0,0,0,0,1,0,1,0,1,1,0,0,0,0,0,0,0,0,0
"emodin",0,0,0,0,0,0,0,0,0,0,2,1,1,1,1,1,0,0,0,0,25
"empagliflozin",0,0,0,0,0,0,0,0,0,0,0,0,0,0,0,0,0,0,2,0,0
"emtricitabine",0,0,0,0,0,0,0,0,0,0,0,1,0,1,1,0,0,1,0,0,0
"enalapril",2,1,0,0,0,0,1,1,1,0,0,0,0,0,0,0,0,4,0,0,0
"encorafenib",2,0,0,0,0,0,1,0,0,0,0,0,0,0,0,0,0,0,0,0,0
"entecavir",0,0,0,0,0,0,0,0,0,0,0,0,0,1,0,0,0,0,0,0,0
"enzalutamide",0,0,0,0,0,0,0,1,0,0,0,0,0,0,0,0,0,0,0,0,1
"eosin",0,0,1,0,0,0,0,0,0,0,0,0,0,0,0,0,0,0,0,0,0
"ephedrine",4,2,0,0,0,0,2,0,1,0,0,0,0,0,0,0,0,1,0,0,0
"epibatidine",0,0,0,0,0,0,0,0,1,0,0,0,0,0,0,0,0,0,0,0,0
"epigallocatechin",0,0,0,0,0,0,4,1,1,0,0,0,2,1,2,0,0,0,0,0,0
"epinephrine",4,2,1,1,0,0,5,0,0,2,1,1,0,1,0,0,0,1,0,13,4
"epirubicin",0,0,1,1,0,0,0,0,0,0,0,0,0,0,0,0,0,0,0,0,0
"eplerenone",0,0,0,0,0,0,0,0,0,0,0,1,0,0,0,0,0,0,0,0,0
"epoprostenol",0,0,1,1,0,0,0,0,0,1,0,0,0,2,0,0,0,0,1,1,3
"equilin",0,0,0,0,0,0,0,0,0,0,0,1,0,0,0,0,0,0,0,0,0
"erdosteine",0,0,0,0,0,0,0,1,0,1,0,0,0,0,0,0,0,0,0,0,0
"ergotamine",0,0,0,0,0,0,0,0,0,0,0,1,0,0,0,1,0,0,0,0,0
"erlotinib",0,0,0,0,0,0,1,0,1,0,0,3,0,0,1,1,0,0,0,0,0
"ertugliflozin",0,0,0,0,0,0,0,0,0,0,0,1,0,0,0,0,0,0,0,0,0
"erythromycin",8,0,0,11,8,1,5,7,8,21,7,10,1,1,3,1,0,3,6,4,31
"escitalopram",0,0,0,0,0,0,0,0,0,0,0,0,0,1,0,0,1,0,0,0,0
"esketamine",0,0,0,0,0,0,1,0,0,0,0,0,1,1,0,0,0,0,0,0,1
"esmolol",0,0,0,0,0,0,0,0,0,0,0,1,0,0,0,0,0,0,0,0,0
"esomeprazole",0,0,0,0,0,0,0,0,0,0,0,0,0,0,0,0,0,0,0,0,1
"estradiol",0,0,1,3,2,1,1,0,1,0,0,0,2,0,0,1,0,0,0,1,1
"ethambutol",0,0,0,0,0,0,0,0,0,0,0,0,0,0,0,0,0,0,0,2,0
"ethinylestradiol",0,0,0,0,0,0,0,0,0,0,0,1,3,0,0,0,0,0,0,0,0
"ethisterone",0,0,0,0,0,0,0,0,0,0,0,1,0,0,0,0,0,0,0,0,0
"ethyl-pyruvate",2,0,0,0,0,0,0,0,0,0,0,0,0,0,0,0,0,0,0,0,0
"etizolam",0,0,0,0,0,0,0,0,0,0,0,0,2,0,0,0,0,0,0,0,0
"etomidate",0,0,0,0,0,0,0,0,0,0,0,0,1,0,0,0,0,0,1,0,1
"etonogestrel",0,0,0,0,0,0,0,0,0,0,0,0,0,0,1,0,0,0,0,0,0
"etoposide",0,2,0,0,0,2,1,0,0,0,0,0,0,0,0,0,0,0,0,0,0
"eucalyptol",0,0,0,0,0,0,0,1,0,0,1,0,0,0,0,0,0,0,0,1,0
"eugenol",0,0,0,0,0,0,0,0,0,0,1,0,0,0,0,0,0,0,1,0,1
"everolimus",0,0,0,0,0,0,4,1,0,1,0,0,0,0,0,0,1,1,0,6,0
"exo-1",0,0,0,0,0,0,1,0,0,0,0,0,0,0,0,0,0,0,0,0,0
"famotidine",0,2,1,0,0,0,2,0,0,0,0,1,0,0,0,2,0,0,0,1,0
"favilavir",0,0,0,0,0,0,0,2,3,1,1,1,1,2,2,4,1,2,1,1,1
"favipiravir",26,3,26,37,23,26,156,78,111,113,72,62,76,31,40,101,76,124,40,33,33
"fccp",0,0,0,0,0,1,0,0,0,0,0,0,0,0,0,0,0,0,0,0,0
"febuxostat",0,0,0,0,0,0,0,0,0,0,0,0,0,0,0,0,0,0,1,0,0
"fedratinib",0,0,0,0,0,0,4,4,1,0,0,0,0,1,0,0,0,0,0,0,0
"fenbendazole",0,0,0,0,0,0,1,0,0,0,0,0,0,0,0,0,0,0,1,1,0
"fenretinide",0,0,0,0,0,0,0,0,0,0,0,0,0,0,0,1,0,0,0,0,0
"fentanyl",26,19,14,14,5,7,42,43,28,380,120,67,74,53,30,86,109,772,541,1608,378
"fexofenadine",0,0,1,0,0,0,0,1,1,0,0,0,0,0,0,0,0,0,0,0,0
"fidaxomicin",0,0,0,0,0,0,0,0,0,0,0,0,0,0,0,0,0,2,1,0,0
"finasteride",0,0,0,0,0,0,0,1,0,0,0,4,0,0,0,1,0,0,0,0,0
"fingolimod",0,0,0,0,0,0,0,0,0,0,0,0,0,0,0,1,1,2,0,0,0
"fipronil",0,0,0,0,0,0,0,1,0,0,0,0,0,0,0,3,0,0,0,0,0
"fisetin",0,0,0,0,0,0,0,0,0,0,0,0,0,0,0,0,1,0,0,0,0
"flaviolin",0,0,0,0,0,0,0,3,2,1,1,2,0,0,0,0,0,0,0,0,0
"flavone",0,0,0,0,0,0,0,0,0,0,0,0,0,0,0,0,0,0,1,0,0
"flecainide",0,0,0,0,0,0,0,8,2,1,0,0,0,0,0,0,0,0,0,0,0
"flucloxacillin",0,0,0,0,0,0,0,0,0,0,0,0,0,0,0,0,0,1,0,0,0
"fluoxetine",0,0,0,0,0,0,2,0,1,0,0,0,0,0,5,0,1,0,3,0,0
"flutamide",0,0,0,0,0,0,3,1,0,0,0,0,1,0,0,0,0,0,0,0,0
"fluticasone",4,0,0,0,0,0,0,0,0,0,0,1,0,1,0,0,0,0,1,0,0
"fluvastatin",0,0,0,0,0,0,0,0,0,0,0,0,0,0,0,0,0,0,3,7,0
"fluvoxamine",0,0,0,0,0,0,0,0,0,0,0,1,13,4,1,0,2,0,6,0,0
"folic",2,0,0,0,0,0,2,6,1,0,0,0,0,1,3,2,3,3,14,4,2
"fomepizole",0,0,0,0,0,0,1,0,2,1,0,0,0,0,1,2,1,1,1,2,0
"fondaparinux",0,0,0,0,0,0,0,1,1,0,2,1,0,0,3,3,0,1,0,0,0
"formaldehyde",0,0,2,0,0,0,6,4,4,3,3,10,3,3,4,10,4,3,4,4,6
"formoterol",0,0,0,0,0,0,1,0,0,0,0,0,0,0,0,0,0,0,1,1,3
"forskolin",0,0,0,0,0,0,0,1,0,0,0,0,0,0,2,2,0,0,1,3,1
"fosfomycin",0,0,0,0,0,0,0,0,0,0,0,0,0,0,1,0,0,0,0,0,0
"fructose",0,3,0,0,1,2,1,4,21,5,2,1,0,9,7,1,4,2,4,3,3
"fucose",0,0,0,0,0,0,0,0,1,0,0,0,0,0,0,0,0,0,0,0,0
"furosemide",0,0,0,0,0,0,0,0,0,2,1,0,0,0,0,0,0,1,0,0,0
"fusafungine",0,1,1,0,0,0,0,0,0,0,0,0,0,0,0,0,0,0,0,0,0
"gabapentin",0,0,0,0,0,2,2,0,0,1,2,0,2,0,2,5,0,0,0,1,1
"gadolinium",2,0,0,0,0,0,1,2,0,0,0,0,0,1,0,1,0,0,0,0,0
"galactose",0,0,0,0,0,0,0,0,0,0,0,1,0,0,0,0,0,0,0,3,0
"galantamine",0,0,0,0,0,0,0,0,0,0,0,0,0,0,0,0,0,0,1,0,0
"galidesivir",0,1,1,1,1,2,8,56,460,260,65,28,7,12,9,44,5,3,6,8,1
"ganciclovir",0,0,0,0,0,0,0,0,0,0,0,0,0,1,0,0,0,0,0,0,0
"ganglioside",0,0,0,0,0,0,0,0,0,0,0,0,3,0,0,0,6,0,0,0,0
"gefitinib",0,0,0,0,0,0,0,0,1,0,0,0,0,0,0,0,0,0,0,0,0
"gemcitabine",0,0,0,0,0,0,1,0,0,0,0,0,0,0,0,0,0,0,0,0,1
"genistein",0,0,0,0,0,0,0,0,0,0,0,0,0,0,0,0,1,0,0,0,0
"gentamicin",0,0,0,0,0,0,0,0,0,2,0,0,0,0,2,0,0,0,0,0,0
"gingerol",0,0,0,0,0,0,0,0,0,0,0,1,0,0,0,1,1,0,0,0,0
"gliclazide",0,0,0,0,0,0,0,0,1,0,0,0,0,0,0,0,0,0,0,0,0
"glucosamine",0,0,1,0,0,0,0,0,0,0,0,0,0,0,0,0,0,0,0,0,0
"glutathione",0,0,1,0,0,0,3,3,4,7,4,0,5,5,2,1,3,3,2,8,12
"glycine",0,0,0,0,0,0,0,1,0,0,3,0,0,1,0,0,0,0,0,1,1
"glyphosate",0,0,2,2,1,1,24,81,76,45,54,41,46,23,24,20,144,29,18,17,21
"guaifenesin",2,1,0,0,0,2,3,1,1,0,1,2,3,0,2,1,0,0,0,0,0
"guanfacine",0,0,0,0,0,0,0,0,0,0,0,0,1,0,0,0,0,0,1,0,0
"guanidine",0,0,0,2,3,3,3,4,0,0,0,0,2,2,0,0,2,0,21,0,0
"guanine",0,0,0,0,0,0,0,2,1,4,2,2,1,0,0,0,1,1,0,0,0
"guanosine",0,0,0,0,0,0,0,0,0,0,0,0,0,0,0,0,0,2,1,0,0
"haloperidol",0,0,0,0,0,1,1,0,0,0,0,0,1,0,0,0,2,0,0,0,0
"hesperetin",0,0,0,0,0,0,0,2,0,0,0,0,0,0,0,0,0,0,0,0,0
"hesperidin",0,0,0,0,0,0,0,1,1,1,1,0,2,0,1,0,2,1,4,0,1
"hispidin",0,0,0,0,0,0,0,0,0,0,0,0,0,0,0,0,0,0,3,4,0
"histamine",0,4,6,0,0,0,0,0,0,0,0,0,0,0,0,0,0,0,0,0,0
"histidine",0,0,0,0,0,0,0,0,1,0,0,0,0,0,0,1,0,0,0,0,0
"homoharringtonine",0,0,0,0,0,0,1,0,1,0,1,1,0,0,0,0,0,0,0,0,0
"hyaluronic",2,0,0,0,0,0,2,0,0,0,0,2,2,0,1,0,0,0,1,0,1
"hydralazine",0,0,0,0,0,0,1,0,0,0,0,0,0,0,0,0,0,0,0,0,0
"hydrocodone",0,0,0,0,0,0,2,0,0,0,0,1,0,0,0,1,4,0,0,0,0
"hydrocortisone",4,2,0,0,0,0,7,4,4,8,0,0,0,2,1,15,5,2,20,16,0
"hydrogen fluoride",0,0,0,0,0,0,0,0,0,1,0,0,0,0,0,0,0,0,0,0,0
"hydrogen peroxide",0,10,0,0,0,0,0,0,0,0,0,0,0,0,0,0,0,0,0,0,0
"hydromorphone",2,1,0,0,0,0,3,0,1,0,0,3,0,0,0,0,0,0,0,0,0
"hydroquinine",0,0,0,0,0,0,0,0,0,0,0,2,0,0,0,0,0,0,0,0,0
"hydroquinone",2,2,1,2,3,2,13,6,2,2,1,4,3,1,0,1,2,3,1,3,9
"hydroxocobalamin",0,0,0,0,0,0,2,1,0,0,0,0,0,0,0,1,0,0,0,0,0
"hydroxychloroquine",243,1221,819,569,573,500,750,782,2270,6251,9891,13323,7153,11144,9323,32040,23313,14317,12157,10705,19160
"hydroxyurea",0,0,0,0,0,0,4,0,17,4,0,8,3,0,2,2,0,1,1,0,5
"hydroxyzine",0,0,0,0,0,0,3,0,0,0,0,0,0,0,1,0,0,1,1,0,2
"hymecromone",0,0,0,0,0,0,0,1,0,0,0,0,0,0,0,0,0,0,0,0,0
"hyperforin",0,0,0,0,0,0,0,0,0,0,0,0,0,0,0,0,1,0,0,0,0
"hypericin",0,0,0,0,0,0,0,0,0,0,0,0,0,0,0,0,1,0,0,0,0
"hypochlorite",6,0,0,0,0,0,0,0,0,0,0,0,0,0,0,0,0,0,0,0,0
"hypochlorous",2,0,0,0,0,0,0,1,1,1,0,0,5,2,0,4,6,1,3,3,3
"ibrutinib",12,10,2,0,0,1,0,0,0,0,0,0,4,2,0,41,62,9,7,6,4
"ibudilast",0,0,0,0,0,0,10,1,7,4,0,1,0,0,0,0,0,0,0,0,0
"ibuprofen",180,55,69,65,29,33,119,140,329,154,97,125,200,220,92,143,118,112,125,100,79
"icatibant",0,0,0,0,0,0,0,3,10,30,5,5,1,4,2,8,1,4,0,1,0
"iclaprim",0,0,0,0,0,0,0,1,0,0,0,0,0,0,0,0,0,0,0,0,0
"idronoxil",0,0,0,0,0,0,0,4,0,0,0,0,0,0,0,0,0,0,0,0,0
"ifenprodil",2,0,0,0,0,0,10,14,3,2,3,33,5,5,0,1,3,2,2,0,16
"iloprost",0,0,0,0,0,0,1,0,0,0,0,0,0,0,0,0,0,0,0,0,0
"imatinib",0,0,0,0,0,0,3,0,0,1,1,3,5,2,2,0,1,0,0,1,0
"imetelstat",0,0,0,0,0,0,0,0,0,0,0,0,0,0,0,0,1,1,0,0,1
"imodium",0,0,0,0,0,0,0,0,0,0,0,1,0,0,2,0,0,0,0,1,1
"indapamide",0,0,0,0,0,0,0,0,0,0,0,0,0,1,0,0,0,0,0,0,0
"indinavir",0,0,0,0,0,0,2,0,0,0,0,1,0,0,1,0,0,0,0,0,0
"indirubin",0,0,0,0,0,0,0,0,0,0,0,0,0,0,0,0,0,0,0,1,0
"indium",0,0,0,0,0,0,0,0,0,0,0,0,0,0,0,1,0,0,0,0,0
"indole",0,0,0,0,0,0,0,0,0,0,0,0,0,0,0,1,0,0,0,0,0
"indomethacin",0,0,2,2,1,0,11,1,2,0,0,0,1,4,6,1,1,1,8,1,1
"inosine",0,0,0,0,0,0,1,0,0,0,0,0,0,0,0,0,0,0,0,0,0
"inosine pranobex",0,0,0,0,0,0,1,0,0,0,0,0,0,0,0,0,0,0,0,0,0
"inositol",0,0,0,0,0,0,0,0,0,3,1,0,0,0,0,0,0,0,0,0,0
"inulin",0,0,0,0,0,0,1,0,0,1,0,1,0,1,0,0,0,0,8,3,0
"iodide",0,0,1,0,1,0,0,3,0,1,0,0,0,0,0,3,2,10,0,2,1
"ipratropium",0,0,0,0,0,0,0,2,0,0,0,0,0,0,1,1,0,0,0,0,0
"irbesartan",0,0,0,0,0,0,0,0,0,0,0,1,0,0,0,0,0,0,0,0,0
"irinotecan",0,0,0,0,0,1,1,0,0,0,0,0,0,0,0,0,0,0,0,0,1
"isatin",0,0,0,0,0,0,0,0,0,0,0,0,0,0,0,0,0,0,1,0,0
"isocarboxazid",0,0,0,0,0,0,0,0,0,0,0,0,0,0,0,0,0,0,0,0,1
"isoflavone",0,0,0,0,0,0,0,0,0,0,0,1,0,0,0,0,0,0,0,0,0
"isoflurane",0,0,0,0,0,0,0,0,0,0,0,1,0,0,0,0,0,0,0,0,0
"isoniazid",0,0,0,0,0,0,0,0,0,0,0,1,1,0,0,0,0,0,0,0,0
"isoprenaline",0,0,0,0,0,0,0,0,0,0,0,1,0,0,0,0,0,0,0,0,0
"isopropyl alcohol",0,3,0,0,0,0,0,0,0,0,0,0,0,0,0,0,0,0,0,0,0
"isopropyl-alcohol",6,0,0,0,0,0,0,0,0,0,0,0,0,0,0,0,0,0,0,0,0
"isoquercetin",0,0,0,0,0,0,0,0,0,3,1,2,3,0,1,1,0,0,1,0,1
"isoquinoline",0,0,0,0,0,0,0,0,0,0,0,0,4,0,0,0,0,0,0,0,0
"isosorbide",0,0,0,0,0,0,0,0,0,0,0,0,0,0,0,0,0,0,0,0,1
"isotretinoin",0,0,0,0,0,0,0,1,0,0,0,0,0,0,0,0,0,0,1,0,0
"isoxaflutole",0,0,0,0,0,0,0,1,0,0,0,1,1,0,0,0,0,0,0,0,0
"itacitinib",0,1,0,0,0,0,0,0,0,0,0,0,0,0,0,0,0,0,0,0,0
"itraconazole",0,12,0,0,0,0,0,1,0,0,1,0,0,2,7,1,0,2,1,0,0
"ivacaftor",0,0,0,0,0,0,0,0,0,0,1,0,0,0,0,0,0,0,0,0,0
"ivermectin",24,248,240,203,101,73,688,487,776,1358,53,140,271,185,127,292,120,143,153,124,90
"kaempferol",2,0,0,0,0,0,0,0,0,0,0,0,0,0,0,0,0,0,0,0,0
"kanamycin",0,0,0,0,0,0,0,0,0,0,0,0,1,0,0,0,0,0,0,0,0
"kaolin",0,0,0,0,0,0,0,0,0,0,0,0,0,2,0,0,0,0,0,0,0
"kava",2,0,0,2,2,1,2,4,4,6,3,2,2,1,7,14,2,2,5,5,3
"kawain",0,0,0,0,0,0,0,2,0,0,0,0,0,0,1,0,0,0,0,0,0
"ketamine",4,3,3,3,1,1,8,7,1,6,4,10,14,28,4,7,10,6,8,5,9
"ketoconazole",0,0,0,0,0,0,0,0,1,0,0,0,0,0,0,0,0,0,0,1,0
"ketoprofen",0,0,0,0,0,0,0,0,0,0,0,0,0,0,1,0,0,0,0,0,0
"ketotifen",0,0,0,0,0,0,0,0,0,0,0,0,0,0,0,1,0,0,0,0,0
"l-lysine",0,0,0,1,0,2,1,1,1,1,3,0,0,0,0,0,0,0,0,0,1
"lactose",0,2,0,0,0,0,0,0,0,0,0,0,0,0,0,0,0,0,0,0,0
"lamivudine",0,0,0,0,0,0,0,0,0,0,0,0,0,0,0,0,0,0,1,0,0
"lamotrigine",0,0,0,0,0,0,0,0,1,0,0,0,0,0,0,0,0,0,0,0,0
"lapatinib",0,0,0,0,0,0,0,0,0,0,0,0,0,0,0,0,0,0,0,0,2
"lauric acid",0,0,1,0,0,0,0,0,0,0,0,0,0,0,0,0,0,0,0,0,0
"ledipasvir",0,0,0,0,0,0,0,0,0,1,0,1,0,0,0,1,1,0,0,0,0
"lefamulin",0,0,0,0,0,0,17,0,0,0,0,0,0,0,0,0,0,0,0,2,0
"leflunomide",0,0,0,0,0,0,0,1,1,0,0,2,13,10,6,2,0,3,2,1,0
"lenalidomide",0,0,0,0,0,0,0,0,1,1,0,0,1,0,0,0,0,0,0,0,0
"leronlimab",0,0,16,35,13,16,71,112,115,141,60,117,114,78,60,77,59,49,21,48,75
"letrozole",0,0,0,3,3,0,0,0,0,0,1,0,0,0,0,0,0,1,0,0,0
"levamisole",2,0,0,0,0,0,1,0,0,0,0,0,0,0,0,0,0,0,0,0,2
"levocetirizine",0,0,0,0,0,0,0,0,0,0,0,0,0,1,0,0,0,0,0,0,1
"levodopa",2,3,1,2,1,2,6,5,8,7,1,11,8,5,0,3,3,2,2,1,2
"levodropropizine",0,1,1,0,0,0,0,0,0,0,0,0,0,0,0,0,0,0,0,0,0
"levofloxacin",2,0,0,1,0,0,0,3,1,0,0,2,1,1,1,53,0,3,1,0,0
"levonorgestrel",0,0,0,0,0,0,0,0,0,0,1,0,0,0,0,0,0,0,0,2,0
"levosimendan",0,0,0,0,0,0,1,0,0,0,0,0,0,0,1,0,0,0,0,0,0
"levothyroxine",0,0,0,0,0,0,0,0,0,0,0,0,0,0,0,0,0,0,1,0,0
"lidocaine",6,2,0,0,0,0,2,0,11,1,2,1,1,0,2,1,1,0,1,0,1
"linagliptin",0,0,0,0,0,0,0,0,0,0,0,0,0,0,0,0,0,0,2,1,0
"linezolid",0,0,0,0,0,0,0,0,3,0,0,0,0,0,0,0,0,0,1,0,0
"liothyronine",0,0,0,0,0,1,0,0,0,0,0,0,0,0,0,0,0,0,0,0,0
"lisdexamfetamine",0,0,0,0,0,0,0,0,0,0,0,0,0,1,0,0,0,0,0,0,0
"lisinopril",0,0,1,2,3,1,12,0,3,3,4,1,1,1,1,0,2,5,2,0,3
"lofepramine",0,0,0,0,0,0,5,3,1,4,13,5,2,0,4,7,7,4,3,5,3
"loperamide",0,4,4,0,0,0,0,4,0,0,0,0,1,0,0,1,0,1,1,0,1
"lopinavir",30,23,10,11,8,10,121,166,158,61,51,132,70,55,34,59,31,32,122,95,89
"loratadine",0,0,0,0,0,0,2,0,1,0,0,0,2,0,2,0,0,3,1,1,0
"lorazepam",0,1,1,0,0,0,2,15,2,0,0,6,5,1,2,9,2,0,1,0,6
"losartan",60,16,14,11,0,0,0,0,0,9,5,4,2,3,8,2,6,3,47,51,16
"lovastatin",0,0,0,0,0,0,0,0,0,0,0,0,0,0,0,0,0,0,3,7,0
"lumefantrine",0,0,0,0,0,0,0,0,0,0,0,0,0,0,0,0,1,0,0,0,0
"lutein",0,0,0,0,0,0,0,0,0,0,0,0,0,1,0,0,1,0,1,0,0
"luteolin",0,0,0,0,0,0,2,0,0,0,0,1,0,1,0,0,2,2,2,1,4
"lycopene",2,0,0,0,0,0,0,1,0,0,0,1,1,1,0,0,0,0,1,0,0
"magnesium",10,3,0,0,0,0,0,0,0,0,0,0,0,0,0,0,0,0,0,0,0
"magnesium chloride",0,0,0,0,0,0,0,0,0,0,0,0,0,1,0,0,1,0,1,0,0
"magnesium citrate",0,0,0,0,0,0,0,0,0,1,0,0,0,0,0,0,0,0,0,1,0
"magnesium silicate",0,0,0,0,0,0,0,0,1,0,0,0,0,0,0,0,0,0,1,1,0
"malathion",0,0,0,0,0,0,0,0,0,1,0,0,0,0,0,0,0,0,0,0,0
"malic",2,0,0,0,0,1,1,0,1,1,2,3,22,0,2,1,0,3,3,2,1
"manganese",0,0,1,0,0,0,0,1,21,2,4,1,2,0,0,0,3,3,1,1,0
"mannitol",0,0,0,0,0,0,0,0,0,0,0,0,0,0,0,0,1,0,0,0,0
"mannose",2,0,0,0,0,0,0,0,0,0,0,0,1,0,0,1,1,0,1,0,0
"maraviroc",0,0,0,0,0,1,1,1,0,0,0,0,0,0,0,0,0,0,0,0,0
"masitinib",0,0,0,0,0,0,0,0,0,1,0,2,2,0,1,0,0,0,0,0,1
"mdl-28170",0,0,0,0,0,0,0,0,0,0,0,0,0,0,0,0,0,0,0,0,1
"mebendazol",0,0,1,0,0,0,0,0,0,0,0,0,0,0,0,0,0,0,0,0,0
"mebendazole",0,0,1,0,0,0,0,0,0,0,0,0,0,0,0,0,0,0,0,0,0
"mebeverine",0,0,0,0,0,0,0,0,0,0,0,0,1,0,0,0,0,0,0,0,0
"mechlorethamine",0,0,0,0,0,0,0,0,0,0,0,0,0,0,0,0,0,0,0,2,0
"mefloquine",12,0,2,3,1,0,15,5,14,7,7,3,6,7,4,4,3,1,2,2,10
"meloxicam",4,2,0,0,0,0,0,0,0,0,1,0,0,0,0,0,0,0,1,0,0
"memantine",0,0,0,0,0,0,0,0,0,0,0,0,0,0,0,0,0,0,0,0,1
"mercaptopurine",0,0,0,0,0,0,0,0,0,0,0,1,0,0,0,0,0,0,0,0,0
"mercurochrome",0,0,0,1,1,0,0,0,0,0,0,0,0,0,0,0,0,0,0,0,0
"merimepodib",0,0,0,0,0,0,0,14,8,1,0,1,0,0,0,2,0,0,0,0,0
"meropenem",0,0,0,0,0,0,0,1,0,1,2,2,0,0,5,1,0,2,1,0,0
"mesalazine",0,0,0,0,0,0,0,0,0,0,0,1,0,0,0,0,0,0,0,0,0
"mesna",0,0,0,0,0,0,0,1,0,0,0,0,0,0,0,0,0,0,0,0,0
"metamizole",0,7,1,0,0,0,1,0,0,0,0,1,0,0,0,0,0,0,0,0,0
"metformin",0,1,4,15,13,9,30,26,19,26,26,26,14,8,11,3,32,36,14,6,9
"methadone",36,16,9,6,3,3,293,72,46,13,9,7,20,24,51,27,26,12,33,28,31
"methimazole",0,0,0,0,0,0,0,0,0,0,0,0,0,0,0,0,0,0,4,0,0
"methionine",0,0,0,0,0,0,0,1,1,0,0,0,1,0,0,0,0,0,0,0,1
"methotrexate",6,3,5,6,1,3,8,2,3,4,3,4,19,18,9,6,2,3,3,7,2
"methylcobalamin",0,0,0,0,0,0,0,5,1,1,0,0,0,0,1,1,1,0,4,0,0
"methylene blue",0,0,1,0,0,0,0,0,0,0,0,0,0,0,0,0,0,0,0,0,0
"methylphenidate",0,0,0,0,0,0,0,0,0,0,0,0,0,1,0,0,0,0,0,0,0
"methylprednisolone",0,0,0,0,0,2,5,2,3,2,2,4,8,1,3,1,0,0,3,2,1
"methylprednisone",0,0,0,0,0,0,0,0,0,0,0,0,1,0,0,0,0,0,0,0,0
"metoclopramide",0,0,0,0,0,0,0,1,0,0,0,0,0,0,0,0,0,1,0,0,0
"metoprolol",0,0,0,0,0,0,0,0,0,0,0,0,0,1,0,0,0,0,0,0,1
"metronidazole",0,1,0,0,0,0,0,2,0,8,1,0,3,0,1,1,2,0,0,1,0
"midazolam",2,1,0,0,0,0,1,0,0,4,4,1,2,0,2,1,4,1,1,6,4
"midodrine",0,0,0,0,0,0,2,0,0,0,0,0,0,0,0,0,0,0,0,0,0
"mifepristone",0,2,1,0,0,0,0,1,0,0,0,0,0,0,0,0,0,1,1,1,3
"milrinone",0,0,0,0,0,0,0,0,0,0,1,0,0,0,0,0,0,0,1,0,0
"minocycline",0,0,0,0,0,0,0,1,4,0,2,0,0,0,1,0,0,0,0,0,1
"minoxidil",0,0,0,0,0,0,0,0,0,1,0,1,0,0,19,5,1,0,0,0,0
"mirfentanil",0,0,0,0,0,0,0,0,1,0,0,0,0,0,0,0,0,0,0,0,0
"mirin",0,0,0,0,0,0,2,0,1,3,1,1,1,0,2,0,2,1,3,0,0
"mirtazapine",0,0,0,0,0,0,0,0,1,0,0,1,0,0,0,0,0,0,0,0,0
"misoprostol",0,0,0,0,0,0,0,0,0,0,1,0,0,0,0,0,0,0,0,0,0
"mitomycin",0,0,0,0,0,0,0,0,0,0,0,0,0,0,1,0,0,0,0,0,0
"mizoribine",0,0,0,0,0,0,1,0,0,0,0,0,0,0,0,0,0,0,0,0,0
"mk-2206",0,0,0,0,0,0,0,0,0,0,0,0,0,0,60,16,5,1,1,2,0
"mmda",0,0,0,1,1,1,3,2,2,20,4,5,18,23,12,23,13,1,23,12,3
"modafinil",0,0,0,0,0,0,0,0,0,0,0,0,0,0,0,1,0,0,0,1,0
"molybdenum",0,0,0,0,0,0,0,0,0,0,0,0,0,0,0,0,0,1,0,0,2
"momelotinib",0,0,0,0,0,0,4,4,5,0,0,0,0,1,0,0,0,0,0,0,0
"mometasone",0,0,0,0,0,0,0,1,0,0,0,0,2,0,0,0,0,0,1,0,0
"mometasone furoate",0,0,0,0,0,0,0,0,0,0,0,0,2,0,0,0,0,0,0,0,0
"montelukast",0,0,0,1,1,0,0,0,0,1,3,0,1,2,2,0,1,0,1,0,11
"montmorillonite",0,0,0,0,0,0,0,0,0,0,0,0,0,0,0,0,0,1,0,0,0
"moxifloxacin",0,0,0,0,0,1,0,0,2,0,0,0,0,0,0,0,0,0,0,0,0
"mupirocin",0,0,0,0,0,0,2,1,1,0,0,0,0,0,0,0,0,0,0,0,0
"myricetin",0,0,0,0,0,0,0,0,0,0,0,0,0,0,0,0,0,2,0,0,0
"mz1",0,0,0,0,0,0,0,0,0,0,0,0,0,0,0,2,0,0,2,0,0
"n3",0,0,1,3,0,0,0,0,0,0,0,0,0,0,0,0,0,0,0,0,0
"nadide",2,0,0,0,0,0,0,0,0,0,0,0,0,0,0,0,0,0,0,0,0
"nafamostat",0,0,0,0,0,0,8,2,9,9,56,25,2,6,10,9,10,3,21,13,14
"naloxone",0,18,13,2,2,4,15,85,23,3,4,15,17,14,13,16,42,7,17,17,13
"naltrexone",0,0,0,0,0,0,0,0,3,3,0,0,0,5,3,2,3,4,0,0,0
"namn",0,0,1,1,0,0,0,0,0,0,0,0,0,0,0,0,0,0,0,0,0
"naproxen",16,6,2,3,1,2,2,8,1,0,1,3,3,0,0,1,1,1,2,0,5
"narasin",0,0,0,0,0,0,0,1,0,0,0,0,0,0,0,0,0,0,0,0,0
"nbqx",0,0,0,0,0,0,0,0,0,1,0,0,0,0,0,0,0,0,0,0,0
"neca",6,0,0,0,0,0,0,0,0,0,0,0,0,0,0,0,0,0,0,0,0
"nelfinavir",0,0,0,0,0,0,4,0,32,19,5,3,1,3,22,8,25,7,7,0,11
"neodymium",2,0,0,0,0,0,0,0,0,0,0,2,0,0,0,2,0,0,0,1,1
"neopterin",0,0,0,0,0,0,0,0,1,0,0,0,0,0,0,0,0,0,0,0,0
"niacin",3,0,0,1,0,0,0,0,0,1,0,1,1,0,1,1,1,8,3,0,1
"niclosamide",0,0,0,0,0,5,11,7,6,8,6,1,7,4,69,21,6,4,4,2,0
"nicotinamide",0,3,3,0,0,0,0,1,1,1,0,0,1,1,0,0,0,5,11,0,0
"nifedipine",4,0,0,2,2,1,10,23,14,5,2,5,7,17,15,34,18,6,11,7,4
"nifurtimox",0,0,0,0,0,0,0,0,0,0,0,0,1,0,0,0,0,0,0,0,0
"nimesulide",0,0,0,0,0,0,0,0,0,0,0,0,0,1,6,0,0,0,0,0,0
"nintedanib",0,0,0,0,0,0,2,0,0,0,0,0,0,0,0,2,0,0,0,0,0
"niobium",0,0,0,0,0,0,0,0,0,0,1,0,0,0,0,0,0,0,0,0,0
"nitazoxanide",10,7,1,1,1,0,0,0,2,0,0,9,3,4,12,1,0,2,1,8,2
"nitrate",0,0,0,1,2,0,0,0,0,0,0,0,0,0,0,0,0,0,0,0,0
"nitrazepam",0,0,0,0,0,0,0,0,0,1,0,0,0,0,0,0,0,0,0,0,0
"nitric oxide",0,3,4,0,0,0,0,0,0,0,0,0,0,0,0,0,0,0,0,0,0
"nitrite",0,0,0,0,0,0,5,2,1,1,0,3,1,0,0,0,0,0,0,0,2
"nitrogen",7,0,0,0,0,0,0,0,0,0,0,0,0,0,0,0,0,0,0,0,0
"nitroglycerin",0,0,0,0,0,0,0,0,0,0,0,1,0,1,0,0,0,0,0,0,0
"nitrous",4,0,0,0,0,0,0,0,0,0,0,0,0,0,0,0,0,0,0,0,0
"nitrous oxide",0,0,0,0,0,0,1,3,1,2,2,4,0,2,1,2,1,1,4,0,6
"nitrous-oxide",2,0,0,0,0,0,1,3,1,2,2,4,0,2,1,2,1,1,4,0,6
"norepinephrine",0,0,0,0,0,0,0,0,0,1,0,1,0,0,1,1,0,1,0,1,0
"nystatin",4,0,0,0,0,0,0,0,0,0,0,0,0,0,0,1,0,0,0,0,1
"obaa",4,0,0,0,0,0,0,0,0,0,0,0,0,0,0,0,0,0,0,0,0
"octreotide",0,0,0,0,0,0,0,0,0,0,0,0,0,0,0,0,0,0,1,0,0
"odq",2,0,0,0,0,0,0,0,0,0,0,0,2,1,0,0,0,0,0,0,1
"ofloxacin",0,0,0,0,0,0,0,0,0,0,0,0,0,0,1,0,0,0,0,0,0
"olanzapine",0,0,0,0,0,0,1,0,1,0,0,0,0,0,0,0,0,0,0,0,0
"olmesartan",0,0,0,0,0,0,0,0,1,0,0,0,0,0,1,0,0,0,0,0,0
"omadacycline",0,0,0,0,0,0,0,0,0,1,0,0,0,0,0,0,0,0,0,0,0
"omeprazole",2,1,0,0,1,0,4,1,2,0,0,5,4,0,0,0,0,1,1,0,0
"ondansetron",0,0,0,0,0,0,0,0,0,0,0,0,0,0,1,0,1,0,0,0,0
"opipramol",0,0,0,1,1,0,0,0,0,0,0,0,0,0,0,0,0,0,0,0,0
"ornidazole",0,0,0,0,0,0,0,0,0,0,0,0,0,0,6,0,0,0,0,0,0
"oseltamivir",0,10,7,4,2,3,4,8,6,2,0,4,2,10,13,10,4,4,0,3,2
"osimertinib",0,0,0,0,0,0,1,5,1,0,0,0,0,0,0,0,0,0,0,0,0
"oxaliplatin",0,0,0,0,0,0,0,0,0,0,0,0,0,0,0,0,0,0,0,0,1
"oxycodone",0,0,0,0,0,2,3,1,0,1,1,0,9,1,1,1,5,0,0,1,1
"oxymetazoline",0,0,0,0,0,0,0,0,0,0,0,0,0,0,0,0,0,0,0,1,0
"oxymetholone",0,0,0,0,0,0,0,0,0,0,0,1,0,0,0,0,0,0,0,0,0
"oxypurinol",0,0,0,0,0,0,0,0,0,0,0,0,0,1,0,0,0,0,0,0,0
"oxyquinoline",0,0,0,0,0,0,0,0,0,0,0,1,0,0,0,0,0,0,0,0,0
"oxytetracycline",0,0,0,0,0,0,0,0,0,0,0,1,0,1,0,0,0,0,0,0,0
"ozanimod",0,0,0,0,0,0,0,1,0,0,1,0,0,0,0,0,0,0,0,0,0
"paclitaxel",0,0,0,0,0,0,0,1,2,0,0,1,1,0,0,0,0,0,0,0,0
"pacritinib",0,0,0,0,0,0,4,4,1,0,0,0,0,1,0,0,0,0,0,0,0
"pancuronium",0,0,1,1,0,0,0,1,0,0,2,0,0,0,0,0,0,0,0,0,1
"pantoprazole",0,0,0,0,0,0,0,0,1,0,0,2,0,0,0,0,0,0,0,0,0
"papaverine",0,0,7,7,3,2,0,0,0,0,0,0,0,0,0,0,0,0,0,0,0
"paraoxon",0,0,0,0,0,0,1,0,1,2,1,2,1,0,0,1,0,0,0,0,0
"paritaprevir",0,0,0,0,0,0,0,0,0,0,0,1,0,0,0,1,0,0,0,0,0
"paroxetine",0,0,0,0,0,0,0,0,0,0,0,0,0,0,1,0,0,0,0,0,0
"pemigatinib",0,0,0,0,0,0,0,0,0,0,0,0,0,0,0,0,17,2,2,0,0
"penciclovir",0,0,0,0,0,0,2,0,1,0,0,0,0,0,0,0,0,0,0,0,0
"penicillamine",0,0,0,0,0,0,0,1,0,0,0,0,0,0,0,0,0,0,0,0,0
"penicillin",12,5,3,4,6,4,12,17,15,39,63,72,21,15,13,16,132,25,19,9,45
"pentamidine",0,0,0,0,0,0,2,0,0,0,0,0,0,0,0,0,0,0,0,0,0
"pentobarbital",0,0,0,0,0,0,0,0,0,0,2,0,0,0,0,0,0,0,1,0,1
"pentolinium",0,0,0,0,0,0,0,2,0,0,1,0,0,1,0,0,0,0,0,0,0
"pentoxifylline",0,0,0,0,0,0,1,0,0,0,0,0,0,0,0,0,0,0,1,2,0
"peramivir",0,0,0,0,0,0,0,1,1,0,0,0,0,1,2,0,0,0,0,0,0
"perflubron",0,0,0,0,0,0,0,0,0,1,0,0,0,0,0,0,0,0,0,0,0
"permethrin",2,0,0,0,0,0,0,1,0,1,0,1,0,1,0,0,0,0,0,0,0
"pg-9",0,0,0,0,0,0,0,2,0,0,0,0,0,1,0,0,0,2,0,0,0
"phencyclidine",0,0,0,0,0,0,1,0,0,1,0,0,0,0,0,0,0,0,0,0,0
"phenobarbital",0,0,0,1,1,0,8,0,0,0,0,2,0,1,1,0,0,0,0,0,0
"phenol",0,4,1,4,4,0,0,3,1,1,0,0,2,0,1,1,1,1,0,1,0
"phentermine",0,0,1,1,0,0,0,0,0,0,0,0,0,0,0,0,0,0,0,0,0
"phenylalanine",0,0,0,0,0,0,0,0,0,0,0,0,0,0,0,0,0,0,0,0,1
"phenylephrine",0,0,0,0,0,1,0,0,2,1,1,0,1,1,0,0,1,1,0,0,0
"phosphorus",0,0,0,0,0,1,2,1,1,1,1,0,1,1,1,3,4,0,1,20,2
"piclidenoson",0,0,0,0,0,0,0,0,0,0,0,1,1,1,0,0,0,0,0,0,0
"pidotimod",0,0,0,0,0,0,0,0,0,0,1,0,0,1,0,0,0,0,0,0,0
"pimecrolimus",0,0,1,1,0,0,0,0,0,0,0,0,0,0,0,0,0,0,0,0,0
"pimodivir",0,0,0,0,0,0,0,0,1,0,0,0,0,0,0,0,0,0,0,0,0
"pioglitazone",0,0,0,0,0,0,0,0,0,0,0,0,0,0,2,0,0,0,1,1,1
"piperacillin",0,0,0,0,0,0,0,0,0,0,2,1,0,0,0,0,0,0,0,0,0
"piperine",2,2,0,3,1,0,0,0,0,0,0,0,1,0,0,0,0,0,1,0,0
"pirfenidone",10,7,1,0,0,0,0,0,0,0,1,1,0,0,0,3,0,0,0,0,0
"pitavastatin",0,0,0,0,0,0,0,0,0,0,0,0,0,0,0,0,0,0,3,7,0
"pitolisant",0,0,0,0,0,0,2,1,0,0,0,0,0,0,0,0,0,0,0,0,0
"plitidepsin",0,0,0,0,0,0,0,0,0,0,0,0,0,1,0,0,0,0,0,0,0
"polymyxin b",0,0,0,0,0,0,0,0,0,0,0,0,0,0,0,0,0,0,0,1,0
"posaconazole",0,0,0,0,0,0,0,0,0,0,0,0,0,0,0,1,0,0,0,0,0
"potassium",4,2,3,5,5,4,35,22,24,30,18,5,15,9,12,12,37,18,12,21,9
"potassium acetate",0,0,0,0,0,0,0,1,0,0,0,0,0,0,0,0,0,0,0,0,0
"potassium chloride",0,0,0,0,0,0,0,1,0,0,3,0,0,0,0,0,0,1,0,0,1
"potassium citrate",0,0,0,0,0,0,0,0,1,0,0,0,0,0,0,0,0,0,0,0,0
"potassium iodide",0,0,0,0,1,0,0,0,0,1,0,0,0,0,0,0,0,1,0,2,0
"potassium nitrate",0,0,0,0,0,0,0,0,0,0,0,0,0,0,4,3,0,0,0,0,0
"pp-30",0,0,0,0,0,0,0,0,0,0,0,0,0,0,0,0,0,0,0,0,1
"pramipexole",0,0,0,0,0,0,0,0,0,0,0,1,0,0,0,0,0,0,0,0,0
"pranlukast",0,0,0,0,0,0,0,0,0,0,0,0,0,0,0,1,0,0,0,0,0
"praziquantel",0,0,0,0,0,0,2,0,0,0,0,0,0,0,0,9,1,0,0,0,1
"prazosin",0,0,0,0,0,0,12,24,9,5,1,3,0,1,0,6,1,0,0,0,0
"prednisolone",4,4,2,0,0,1,1,0,1,2,0,1,2,1,0,1,0,0,0,1,1
"prednisone",16,12,6,3,0,0,16,0,0,26,10,9,13,9,6,25,9,11,20,19,32
"pregabalin",0,0,0,0,0,0,0,0,1,0,0,0,0,1,1,0,0,0,0,3,0
"pregnenolone",0,0,0,0,0,0,0,0,0,0,0,0,0,0,0,0,1,0,0,0,0
"prilocaine",0,0,0,0,0,0,0,0,3,0,0,0,0,0,0,0,0,0,0,0,0
"primaquine",0,0,1,1,0,0,1,2,0,1,0,0,0,0,0,1,0,0,0,0,1
"procaine",0,1,1,0,0,0,0,0,0,0,1,0,0,0,1,0,0,0,0,0,0
"progesterone",4,0,0,0,0,0,0,2,0,0,0,0,1,1,0,0,1,0,1,4,0
"proguanil",0,0,0,0,0,0,0,0,0,0,0,0,0,0,0,0,0,0,0,0,3
"proline",0,0,0,0,0,0,0,1,0,1,1,0,0,0,0,0,1,0,0,2,13
"promethazine",2,2,0,0,0,1,2,1,1,0,0,0,0,0,0,0,1,0,0,0,1
"propiolactone",0,0,0,0,0,0,0,0,0,0,0,0,0,0,0,0,0,0,2,11,19
"propofol",6,1,2,1,0,0,15,29,13,9,1,12,31,9,8,13,9,1,4,3,9
"propranolol",0,0,0,0,0,0,59,1,0,0,0,0,0,0,0,0,1,0,0,0,0
"prostaglandin",0,0,0,0,0,0,0,0,1,0,3,1,0,4,0,0,0,1,1,0,0
"prostaglandin d2",0,0,0,0,0,0,0,0,0,0,0,0,0,0,0,0,0,1,0,0,0
"protoporphyrin",0,0,0,0,0,0,0,0,1,0,0,0,0,0,0,0,0,0,0,0,0
"prussian blue",0,0,0,0,0,0,0,0,0,0,1,0,0,0,0,0,0,0,0,0,0
"pseudoephedrine",0,0,0,0,0,0,5,1,2,0,0,0,0,2,4,0,1,0,8,0,0
"psicose",2,0,0,0,0,0,0,0,0,0,0,0,0,0,0,0,0,0,0,0,0
"pterostilbene",0,0,0,0,0,0,0,0,1,1,0,0,0,0,0,0,1,0,0,0,0
"puromycin",0,0,0,0,0,0,0,0,0,0,0,0,0,0,0,0,1,0,0,0,0
"pyrazinamide",0,0,1,1,0,0,0,0,0,0,0,0,0,0,0,1,0,0,0,0,0
"pyridostigmine",0,0,0,0,0,0,0,0,0,0,0,0,0,0,0,0,0,0,0,1,0
"pyridoxine",0,0,0,0,0,0,0,1,0,0,0,0,0,0,0,0,0,0,0,0,0
"pyrithione",0,0,0,0,0,0,1,0,0,0,0,0,5,0,0,0,0,0,0,0,0
"pyronaridine",0,1,0,0,0,0,0,0,0,0,0,0,1,2,3,0,0,0,4,0,0
"quercetagetin",0,0,0,0,0,0,0,0,0,0,0,0,0,0,0,0,0,1,0,0,0
"quercetin",0,2,8,8,2,8,31,29,0,28,23,56,118,100,39,47,45,31,122,86,84
"quetiapine",0,0,0,0,0,1,1,0,0,0,0,0,0,0,0,0,0,0,0,0,0
"quinacrine",0,0,0,0,0,0,0,0,0,1,0,1,0,0,0,0,0,1,0,0,0
"quinidine",0,0,0,0,0,0,0,0,0,0,0,0,0,0,0,0,0,0,0,1,0
"quinine",26,11,17,16,12,48,369,747,425,127,90,132,198,74,70,81,48,53,29,48,100
"r-348",0,0,0,0,0,0,0,0,1,0,0,0,0,0,0,0,0,0,0,0,0
"r-428",0,0,0,0,0,0,0,0,0,0,0,0,1,0,0,0,0,0,0,0,0
"radotinib",0,0,0,0,0,0,0,1,0,0,0,0,0,0,0,0,0,0,0,0,0
"raloxifene",0,0,1,1,0,0,0,0,2,0,0,0,0,0,0,0,0,0,0,0,0
"ramatroban",0,0,0,0,0,0,0,0,0,0,0,0,0,0,0,0,0,4,0,0,0
"ramipril",0,0,0,0,0,1,1,0,1,1,0,0,0,0,3,0,1,0,0,0,2
"ranitidine",8,0,0,0,0,0,3,2,0,0,0,3,1,0,4,0,1,0,0,0,0
"rapamycin",0,0,1,1,2,1,16,2,25,14,5,22,13,4,1,1,10,2,2,3,0
"regadenoson",0,0,0,0,0,0,0,0,0,0,0,0,0,1,1,0,0,0,0,1,0
"regorafenib",0,0,0,0,0,0,2,0,0,0,0,0,0,0,0,0,0,0,0,0,0
"relugolix",0,0,0,0,0,0,0,0,0,0,0,0,0,0,0,0,0,0,0,1,5
"remdesivir",54,19,34,61,47,56,360,385,3983,8509,1351,1353,1068,715,3837,22425,6774,6821,2425,1297,1371
"remifentanil",4,3,1,0,0,0,0,0,1,1,0,0,0,0,0,0,0,0,0,0,0
"resveratrol",4,0,3,3,0,2,6,0,2,1,2,2,2,0,1,6,7,0,7,7,7
"retinol",0,0,0,1,1,0,1,2,0,0,0,2,0,1,0,0,0,0,0,0,1
"rhein",0,0,1,1,0,0,0,2,0,1,0,0,0,1,0,1,0,1,0,1,2
"ribavirin",4,2,119,125,25,71,47,21,19,6,11,21,9,8,0,7,16,10,13,4,2
"ribociclib",0,0,0,0,0,0,0,0,1,0,0,0,0,0,0,0,0,0,0,0,0
"riboflavin",0,0,0,0,0,0,0,1,2,2,1,1,2,1,2,1,0,3,1,1,1
"ribose",0,0,0,0,0,0,1,2,2,0,0,11,2,16,13,1,1,0,0,0,0
"rifabutin",0,0,0,0,0,0,0,0,0,0,0,0,0,0,0,0,0,2,1,0,0
"rifampicin",0,0,0,0,1,0,0,0,0,1,1,1,2,1,0,0,0,0,3,4,0
"rifapentine",0,0,0,0,0,0,0,0,0,0,0,0,0,0,0,0,0,2,1,0,0
"rimantadine",0,0,0,0,0,0,0,1,0,0,0,0,0,0,0,0,0,0,0,0,0
"rimegepant",0,0,0,0,0,0,0,0,0,0,0,0,0,0,0,0,0,0,1,1,0
"risdiplam",0,0,0,0,0,0,0,0,0,0,0,1,1,0,0,2,0,0,0,0,0
"risperidone",0,0,0,0,0,0,0,0,0,0,0,0,0,0,0,0,0,1,0,0,0
"ritonavir",72,20,11,12,8,10,117,83,124,47,89,58,46,50,30,55,29,26,116,92,88
"rivaroxaban",0,0,0,0,0,0,2,3,0,0,3,0,0,0,0,0,2,0,1,1,0
"rivastigmine",0,0,0,0,0,0,0,0,0,0,0,0,0,0,0,0,1,0,0,0,0
"rocuronium",0,0,1,1,0,0,1,2,1,0,0,4,1,3,2,22,10,1,27,45,16
"ronnel",0,0,0,0,0,0,0,7,1,0,0,0,0,0,0,2,44,28,0,1,1
"ropinirole",0,0,0,0,0,0,0,0,0,0,0,0,0,0,0,0,0,1,2,0,1
"ropivacaine",0,1,2,0,0,0,6,0,3,1,6,0,13,9,2,0,3,0,1,1,1
"rose bengal",0,0,0,0,0,0,0,0,0,0,0,0,0,0,1,0,0,0,0,0,0
"rose-bengal",2,0,0,0,0,0,0,0,0,0,0,0,0,0,1,0,0,0,0,0,0
"rosiglitazone",0,0,0,0,0,0,0,0,0,1,0,0,0,0,0,0,0,0,0,0,0
"rosuvastatin",0,0,0,0,0,0,0,0,0,0,0,1,0,0,0,0,0,0,3,7,0
"roxadustat",0,0,0,0,0,0,0,1,0,0,0,0,0,0,0,0,0,0,0,0,0
"rubidium",0,0,0,0,0,0,0,0,0,0,0,0,0,0,1,1,0,0,0,0,0
"rupintrivir",0,0,0,0,0,0,0,0,0,0,0,0,0,0,0,0,1,0,0,0,0
"rutin",0,0,0,0,0,0,0,0,2,0,0,1,2,1,1,2,3,2,0,0,0
"ruxolitinib",3,0,0,0,0,1,24,10,7,0,8,7,1,2,2,7,5,1,9,10,8
"s-23",0,0,0,1,3,0,7,15,15,2,39,23,13,3,6,31,29,38,40,23,21
"saccharin",0,1,0,0,0,0,0,0,0,0,0,0,0,0,0,0,0,0,0,0,0
"sacubitril",0,0,0,0,0,0,0,0,1,0,0,0,89,14,3,2,1,0,1,3,0
"salbutamol",2,0,0,0,2,0,0,2,0,3,0,4,5,0,5,10,7,4,7,1,2
"samarium",0,0,0,0,0,0,0,0,0,1,0,0,0,0,0,0,0,0,1,0,0
"sapanisertib",0,0,0,0,0,0,0,0,0,0,0,0,0,0,1,0,0,0,0,0,0
"saquinavir",0,0,0,0,0,0,1,0,0,0,0,0,0,0,0,0,0,0,1,0,0
"saracatinib",0,0,0,0,0,0,0,0,0,0,0,1,0,0,1,0,0,0,0,0,0
"sargramostim",0,0,0,0,0,0,0,0,0,0,0,0,0,0,1,0,0,0,0,0,0
"sarilumab",0,0,0,12,7,0,0,19,5,8,1,2,27,11,5,25,153,170,72,85,55
"scopolamine",0,0,0,0,0,1,2,0,0,0,0,0,0,0,0,0,0,0,0,0,0
"selamectin",0,0,0,0,0,0,0,0,1,0,0,0,0,0,0,0,0,0,0,0,0
"selepressin",0,0,0,0,0,0,0,0,1,0,0,0,0,1,0,0,0,0,0,0,0
"seliciclib",0,0,0,0,0,0,0,0,0,0,0,0,0,0,0,0,0,0,8,0,0
"selinexor",0,0,0,0,0,4,21,8,3,10,6,6,3,6,4,12,5,3,22,17,24
"selumetinib",0,0,0,0,0,0,0,1,2,1,0,0,1,0,0,0,0,0,0,0,0
"senicapoc",0,0,0,0,0,0,0,0,0,0,0,0,1,0,0,0,0,0,0,0,0
"sertraline",0,0,0,0,0,1,1,2,1,1,0,5,0,1,4,0,3,0,2,1,3
"setrobuvir",0,0,0,0,0,0,4,0,0,0,0,0,0,0,0,0,0,0,0,0,0
"sevoflurane",0,0,0,0,0,0,1,0,0,0,0,1,0,0,0,0,0,0,0,0,1
"sildenafil",0,0,0,0,0,0,3,4,14,8,2,6,5,2,0,1,0,1,1,2,1
"siltuximab",0,0,0,1,1,0,3,0,0,1,0,1,1,0,1,9,5,4,19,8,2
"simvastatin",0,0,0,0,0,0,1,0,0,0,0,0,0,0,0,1,0,0,1,0,0
"siponimod",0,0,0,0,0,0,0,0,0,0,0,0,0,0,0,0,1,0,0,0,0
"sirolimus",0,0,0,0,0,0,1,0,1,0,0,1,0,0,0,0,8,1,0,2,0
"sitagliptin",0,0,0,0,0,0,0,0,0,0,0,0,0,0,0,0,1,0,0,0,0
"skatole",0,0,0,0,0,0,0,0,1,0,0,0,0,0,0,0,0,0,0,0,0
"sobetirome",0,0,0,0,0,0,1,2,0,0,0,0,0,0,0,0,0,0,0,0,0
"sodium acetate",0,0,0,0,0,0,0,0,0,1,0,0,0,0,0,0,0,0,0,0,0
"sodium ascorbate",0,0,0,2,1,0,1,0,1,1,0,1,0,0,0,0,1,1,0,0,0
"sodium bicarbonate",0,1,0,0,0,0,0,0,0,0,0,0,0,0,0,0,0,0,0,0,0
"sodium chlorite",0,0,0,0,0,0,0,0,0,1,1,0,0,2,0,2,1,0,2,0,0
"sodium fluoride",0,0,0,0,0,0,0,0,0,0,0,1,0,0,0,0,0,0,0,0,0
"sodium hydroxide",0,0,0,0,0,0,0,0,0,0,1,0,0,0,3,0,0,1,0,0,0
"sodium oxybate",0,0,0,0,0,0,0,0,0,0,0,0,0,0,0,0,0,0,0,1,0
"sodium-bicarbonate",4,0,0,0,0,0,0,0,0,0,0,0,0,0,0,0,0,0,0,0,0
"sofosbuvir",0,0,0,0,0,0,6,0,1,0,8,0,1,0,0,1,1,0,1,0,0
"sorbitan",0,0,0,0,0,0,0,0,1,0,0,0,0,0,0,0,0,0,0,0,0
"sotalol",0,0,0,0,0,1,0,0,0,0,0,0,0,0,0,0,0,0,0,0,0
"sp-876",0,0,0,0,0,0,0,0,0,0,0,0,0,0,0,0,1,0,0,0,0
"spermidine",0,0,0,0,0,0,0,0,0,0,0,0,0,0,61,16,5,1,2,3,0
"sphingosine",0,0,0,0,0,0,0,0,0,0,0,0,0,0,0,0,0,0,0,11,0
"spiramycin",0,0,0,0,0,0,0,0,0,0,0,0,2,0,0,0,0,0,0,0,0
"spironolactone",0,1,1,0,0,1,2,0,2,0,0,2,0,1,3,0,0,0,0,1,0
"squalamine",0,0,0,0,0,0,0,2,0,0,0,0,0,0,0,0,0,0,0,0,0
"squalene",0,0,0,0,0,0,1,0,0,1,0,1,0,0,0,0,0,0,0,0,0
"st-91",0,0,0,0,0,0,0,0,0,0,0,0,0,0,0,1,0,0,0,0,0
"streptomycin",0,0,1,1,0,0,0,0,1,0,0,0,0,0,0,0,0,0,1,0,1
"strychnine",0,0,0,0,0,1,0,0,0,0,0,1,0,1,0,0,5,0,0,0,1
"succinylcholine",0,0,0,0,0,0,0,0,0,0,0,0,0,0,0,1,0,0,0,0,0
"sucralfate",0,0,0,0,0,0,0,0,0,0,0,0,0,0,0,0,0,0,0,0,0
"sulfamethoxazole",0,0,0,0,0,0,0,0,0,1,0,0,0,0,0,0,0,0,0,0,0
"sulfasalazine",0,0,1,3,0,0,1,4,2,1,0,2,12,10,5,2,0,3,3,1,0
"sulfonamides",0,0,0,0,0,0,0,0,0,0,0,0,1,0,0,0,0,0,0,0,0
"sulforaphane",0,2,0,0,0,0,0,1,0,1,0,0,6,0,2,1,0,0,0,0,0
"sumatriptan",0,0,0,0,0,0,0,0,0,0,0,0,0,0,0,1,0,0,0,0,0
"sunitinib",0,0,0,0,0,0,1,0,1,0,0,3,0,0,0,0,0,0,0,0,0
"suramin",0,0,0,0,0,0,0,0,0,0,0,0,0,0,0,0,0,0,0,0,2
"tacrolimus",0,0,0,0,0,0,6,0,0,1,0,0,0,2,2,0,2,0,1,2,0
"tadalafil",0,0,0,0,0,0,0,3,0,3,0,0,0,0,0,0,0,0,0,0,0
"tafamidis",0,0,0,0,0,0,0,0,0,0,0,0,5,2,0,0,0,0,0,0,0
"tafenoquine",0,0,0,0,0,0,1,0,0,0,0,7,2,0,0,108,40,16,5,5,7
"talopram",2,0,0,0,0,0,2,0,0,1,1,2,2,0,1,6,0,1,11,1,1
"tamoxifen",8,2,0,0,0,0,1,0,0,0,0,0,0,0,3,0,0,0,0,0,0
"tamsulosin",0,0,0,0,0,0,0,0,0,0,0,0,0,0,0,0,0,0,0,1,1
"tantalum",0,0,0,0,0,0,0,0,0,0,0,0,0,0,0,0,0,0,0,0,4
"taurine",0,0,0,0,0,0,0,0,0,0,0,0,0,0,0,0,1,1,0,0,0
"telbivudine",0,0,0,0,0,0,0,0,0,1,0,0,0,0,0,0,0,0,0,0,0
"telmisartan",0,0,0,0,0,3,1,0,1,0,1,0,0,1,0,0,0,0,0,6,2
"tenofovir",0,0,1,1,0,0,10,2,3,1,15,12,5,1,3,1,0,2,1,0,0
"terbutaline",0,0,0,0,0,0,0,0,0,0,1,0,0,1,1,0,2,0,0,0,0
"terpin hydrate",0,0,0,0,0,1,0,0,0,0,0,0,0,0,0,0,0,0,0,0,0
"tetracycline",0,0,0,0,0,0,1,0,0,1,0,2,0,1,4,4,2,3,1,0,0
"tetrandrine",0,0,0,0,0,0,0,0,0,0,0,0,0,0,0,0,0,0,1,0,0
"tetrodotoxin",0,0,0,0,0,0,0,0,0,1,0,0,0,0,0,0,0,0,0,0,0
"tezacaftor",0,0,0,0,0,0,0,0,0,0,1,0,0,0,0,0,0,0,0,0,0
"thalidomide",10,3,2,4,3,4,6,9,9,8,4,8,10,6,0,15,7,5,2,13,12
"theobromine",0,0,1,0,0,2,2,0,0,1,1,0,1,0,0,0,0,0,0,0,0
"theophylline",2,1,0,0,0,0,1,0,0,1,1,0,0,0,1,0,0,0,1,0,0
"thiamine",2,0,0,1,0,2,8,7,16,6,6,15,1,8,1,5,1,5,11,5,5
"thimerosal",0,0,0,0,0,0,0,0,1,0,0,0,0,0,1,0,0,1,0,0,0
"thiopental",0,0,0,0,0,0,0,0,0,0,2,0,0,0,0,0,1,0,0,0,0
"threonine",0,0,0,0,0,0,0,0,0,0,1,1,0,0,1,0,0,0,0,0,0
"thymine",0,0,0,1,0,0,0,0,0,0,0,0,0,0,0,0,0,0,0,0,0
"thymol",0,0,0,1,1,0,0,0,0,0,1,1,0,0,0,0,0,0,0,0,0
"thymopentin",0,0,0,0,0,0,0,0,0,0,0,0,0,0,0,0,0,0,0,1,0
"ticagrelor",0,0,0,0,0,0,0,0,0,0,0,0,0,0,0,0,0,0,1,0,0
"tilorone",0,0,0,0,0,0,0,0,0,1,0,0,0,0,4,0,0,1,0,0,0
"timolol",0,0,0,0,0,0,0,0,0,0,0,0,0,0,1,0,0,0,0,0,0
"tiotropium",0,0,0,0,0,0,0,1,0,0,0,0,0,0,0,0,0,0,0,0,0
"titanium",0,3,0,0,0,0,0,0,0,0,0,0,0,0,0,0,0,0,0,0,0
"titanium dioxide",0,0,0,0,0,0,0,2,0,0,0,0,1,2,0,1,1,1,0,2,0
"tofacitinib",0,0,0,0,0,0,3,6,1,0,1,0,4,9,1,0,0,0,0,1,0
"toluene",0,0,0,0,0,0,0,1,0,0,0,0,3,0,3,1,0,1,0,1,1
"tolvaptan",0,0,0,0,0,0,0,0,0,1,0,2,1,0,0,0,0,0,0,0,0
"topiramate",0,0,0,0,0,0,0,0,0,0,0,0,0,0,1,0,0,0,0,0,0
"toremifene",0,0,0,0,0,0,0,0,0,0,0,2,0,2,0,0,0,0,0,0,0
"tradipitant",0,3,4,0,0,0,0,0,1,1,0,0,0,2,4,7,1,0,0,0,3
"tramadol",12,3,1,1,1,1,2,0,0,5,3,2,0,0,1,1,8,0,1,1,0
"tranilast",2,0,0,0,0,0,0,0,0,0,0,0,0,0,0,0,0,0,0,0,0
"trazodone",0,0,0,0,0,0,0,0,0,0,0,0,0,1,1,0,0,0,0,0,0
"trenbolone",0,0,0,0,0,0,0,0,0,0,1,0,0,0,0,0,0,1,0,0,0
"triamcinolone",0,0,0,0,0,0,0,0,0,0,0,0,1,0,0,0,0,0,0,0,0
"trichloroethylene",0,0,0,0,0,0,0,0,0,0,0,0,0,0,0,0,0,1,0,0,0
"triclocarban",0,0,0,0,0,0,0,0,0,0,0,0,0,0,0,0,0,0,1,0,0
"triclosan",0,0,0,0,0,0,0,1,1,0,0,0,0,1,0,0,0,0,1,0,0
"trimethoprim",0,0,0,0,0,0,0,0,0,1,0,1,0,0,0,0,0,0,0,0,0
"tryptophan",0,0,0,0,0,0,0,0,0,0,2,0,0,0,0,0,0,1,0,1,1
"tucatinib",0,0,0,0,0,0,0,0,0,0,0,0,0,1,0,6,8,4,0,1,0
"tyrosine",0,0,0,0,0,0,0,0,1,0,0,4,1,0,1,3,0,0,21,0,0
"ubiquinol",0,0,0,0,0,0,1,0,0,0,0,0,0,0,0,0,0,0,0,0,1
"ubrogepant",0,0,0,0,0,0,0,0,0,0,0,0,0,0,1,0,0,0,0,0,0
"ulixertinib",0,0,0,0,0,0,0,0,0,0,0,0,0,0,0,0,1,0,0,0,0
"umbralisib",0,0,0,0,0,0,0,0,0,0,0,0,2,0,0,0,1,0,0,0,0
"umifenovir",0,8,3,0,0,2,1,3,1,2,2,1,0,3,0,4,0,0,0,4,2
"up5",0,0,0,0,0,0,0,0,0,0,0,0,0,0,0,0,0,1,0,1,0
"upamostat",0,0,0,0,0,0,0,0,0,0,0,0,0,0,0,0,0,0,1,2,1
"uracil",0,0,0,0,0,0,1,0,0,0,0,1,1,0,0,0,0,0,0,0,0
"urea",6,0,0,1,1,0,1,0,22,13,4,28,37,14,8,4,3,0,3,0,10
"urethane",0,0,0,0,0,0,0,0,0,0,1,0,0,0,0,0,0,1,3,0,0
"ursodeoxycholic",2,0,1,1,0,0,0,0,0,0,1,0,0,1,0,0,0,0,0,0,0
"valganciclovir",0,0,0,0,0,0,0,0,0,0,0,0,23,24,2,1,1,1,0,0,0
"valine",0,0,0,0,0,0,0,0,0,0,1,0,0,0,0,0,0,0,1,0,0
"valinomycin",0,0,0,0,0,0,0,0,0,0,0,2,3,1,1,0,0,0,0,0,0
"valsartan",0,0,0,0,0,1,1,0,0,2,0,1,90,15,4,2,5,2,1,3,0
"vanadium",2,3,2,0,0,2,3,1,1,1,0,0,1,0,1,3,0,2,6,1,1
"vancomycin",2,0,1,0,1,1,1,2,3,3,0,0,2,2,1,0,0,0,1,0,0
"vardenafil",0,0,0,0,0,0,0,0,1,0,0,0,0,0,0,0,0,0,0,0,0
"varenicline",0,0,0,0,0,0,1,0,1,2,0,0,1,0,0,0,3,0,0,0,0
"vecuronium",0,0,0,0,0,0,0,6,0,0,0,0,0,0,0,0,0,1,1,1,2
"velpatasvir",0,0,0,0,0,0,0,0,0,1,0,1,0,0,0,1,0,0,0,0,0
"venlafaxine",0,0,0,0,0,0,0,0,0,1,0,1,0,0,0,0,0,0,0,0,1
"verapamil",0,0,0,0,0,0,1,0,0,0,0,0,0,1,0,0,2,0,1,1,0
"verdinexor",4,1,0,0,0,0,0,0,1,0,0,0,2,0,0,0,0,0,0,0,0
"vicriviroc",0,0,0,0,0,0,0,0,2,0,0,0,0,0,0,0,0,0,0,0,0
"vinblastine",0,0,0,0,0,0,0,0,1,1,0,0,0,0,0,0,0,0,0,0,0
"vincristine",12,2,1,1,0,4,5,0,4,5,1,4,4,5,3,8,10,9,9,15,6
"voclosporin",0,0,0,0,0,0,0,0,0,0,0,0,0,0,0,0,0,1,0,1,0
"vonoprazan",0,8,3,0,0,2,1,0,0,0,0,0,0,0,0,0,0,0,0,1,0
"voxelotor",0,0,0,0,0,0,3,0,2,2,0,2,0,0,0,0,0,0,0,0,0
"warfarin",4,2,0,1,0,0,5,0,0,12,5,3,3,10,4,4,5,5,6,4,14
"xenon-133",0,0,0,0,0,0,0,0,0,0,0,0,0,0,0,0,0,0,0,0,2
"zanamivir",0,0,0,0,0,0,1,2,0,0,0,0,0,0,3,0,0,0,0,0,0
"zeaxanthin",0,0,0,0,0,0,0,0,1,0,0,0,0,0,0,0,0,0,1,0,0
"zidovudine",0,0,0,0,0,0,0,0,0,0,0,0,0,0,0,0,0,1,0,1,0
"zileuton",0,0,0,0,0,0,0,0,0,0,0,0,1,0,0,0,0,0,0,0,0
"ziprasidone",0,0,0,0,0,0,0,0,0,0,0,0,0,0,0,0,1,0,0,0,0
"zolmitriptan",0,0,1,1,0,0,0,0,0,0,0,0,0,0,0,0,0,0,0,0,0
"zolpidem",0,0,0,0,0,0,1,0,0,0,0,0,0,0,0,0,0,0,0,0,0
"zomepirac",0,0,0,0,0,0,0,0,0,0,0,0,0,0,0,0,0,0,0,1,0
"zopiclone",0,0,0,0,0,0,0,0,1,0,0,1,0,0,0,0,0,0,0,0,0
